ISO-10303-21;
HEADER;
FILE_DESCRIPTION (( 'STEP AP214' ),
    '1' );
FILE_NAME ('BAT54BR RF.STEP',
    '2022-01-17T22:16:59',
    ( '' ),
    ( '' ),
    'SwSTEP 2.0',
    'SolidWorks 2017',
    '' );
FILE_SCHEMA (( 'AUTOMOTIVE_DESIGN' ));
ENDSEC;

DATA;
#1 = AXIS2_PLACEMENT_3D ( 'NONE', #1588, #1566, #881 ) ;
#2 = CARTESIAN_POINT ( 'NONE',  ( -0.3636077195485476500, 1.099999999999993200, -0.7386077195485476500 ) ) ;
#3 = EDGE_LOOP ( 'NONE', ( #1334, #1492 ) ) ;
#4 = LINE ( 'NONE', #2833, #1649 ) ;
#5 = CIRCLE ( 'NONE', #2739, 0.009999999999999918700 ) ;
#6 = ADVANCED_BREP_SHAPE_REPRESENTATION ( 'BAT54BR RF', ( #713, #2242, #2014, #814, #2798, #470, #1134, #138, #1505 ), #2314 ) ;
#7 = FACE_OUTER_BOUND ( 'NONE', #1341, .T. ) ;
#8 = VECTOR ( 'NONE', #488, 1000.000000000000000 ) ;
#9 = CARTESIAN_POINT ( 'NONE',  ( 0.6250000000000001100, 0.5999999999999930900, 0.9999999999999995600 ) ) ;
#10 = ORIENTED_EDGE ( 'NONE', *, *, #328, .F. ) ;
#11 = FACE_OUTER_BOUND ( 'NONE', #211, .T. ) ;
#12 = CIRCLE ( 'NONE', #1238, 0.2000000000000000900 ) ;
#13 = DIRECTION ( 'NONE',  ( 1.000000000000000000, 0.0000000000000000000, 0.0000000000000000000 ) ) ;
#14 = DIRECTION ( 'NONE',  ( -0.0000000000000000000, -0.0000000000000000000, -1.000000000000000000 ) ) ;
#15 = CARTESIAN_POINT ( 'NONE',  ( -1.050000000000000000, 0.0000000000000000000, 0.7624999999999997300 ) ) ;
#16 = VERTEX_POINT ( 'NONE', #3089 ) ;
#17 = ORIENTED_EDGE ( 'NONE', *, *, #2617, .T. ) ;
#18 = VERTEX_POINT ( 'NONE', #1864 ) ;
#19 =( NAMED_UNIT ( * ) PLANE_ANGLE_UNIT ( ) SI_UNIT ( $, .RADIAN. ) );
#20 = ORIENTED_EDGE ( 'NONE', *, *, #1111, .F. ) ;
#21 = EDGE_CURVE ( 'NONE', #2841, #2605, #1279, .T. ) ;
#22 = CARTESIAN_POINT ( 'NONE',  ( -0.9248100461410775400, 2.710505431213761100E-017, -0.5375000000000002000 ) ) ;
#23 = EDGE_CURVE ( 'NONE', #3021, #257, #2561, .T. ) ;
#24 = DIRECTION ( 'NONE',  ( -0.0000000000000000000, 0.0000000000000000000, 1.000000000000000000 ) ) ;
#25 = AXIS2_PLACEMENT_3D ( 'NONE', #839, #1757, #1300 ) ;
#26 = CARTESIAN_POINT ( 'NONE',  ( 0.9248100461410775400, 0.1750000000000000400, -0.5375000000000002000 ) ) ;
#27 = DIRECTION ( 'NONE',  ( 0.0000000000000000000, -0.0000000000000000000, -1.000000000000000000 ) ) ;
#28 = ORIENTED_EDGE ( 'NONE', *, *, #2918, .T. ) ;
#29 = DIRECTION ( 'NONE',  ( -0.9925461516413219800, -0.1218693434051475200, 0.0000000000000000000 ) ) ;
#30 = CARTESIAN_POINT ( 'NONE',  ( -0.6888725504787151000, 0.4051977922704369500, 0.7624999999999997300 ) ) ;
#31 = VECTOR ( 'NONE', #1548, 1000.000000000000000 ) ;
#32 = CYLINDRICAL_SURFACE ( 'NONE', #2203, 0.02499999999999995600 ) ;
#33 = ORIENTED_EDGE ( 'NONE', *, *, #2177, .T. ) ;
#34 = EDGE_CURVE ( 'NONE', #2757, #275, #2384, .T. ) ;
#35 = EDGE_CURVE ( 'NONE', #2569, #2623, #1921, .T. ) ;
#36 = CARTESIAN_POINT ( 'NONE',  ( -0.6250000000000001100, 0.5999999999999930900, 0.9999999999999995600 ) ) ;
#37 = VECTOR ( 'NONE', #2507, 1000.000000000000000 ) ;
#38 = LINE ( 'NONE', #2190, #2525 ) ;
#39 = LINE ( 'NONE', #819, #1136 ) ;
#40 = CARTESIAN_POINT ( 'NONE',  ( 0.0000000000000000000, 0.0000000000000000000, 0.0000000000000000000 ) ) ;
#41 = ORIENTED_EDGE ( 'NONE', *, *, #2353, .T. ) ;
#42 = AXIS2_PLACEMENT_3D ( 'NONE', #1446, #2655, #2404 ) ;
#43 = CARTESIAN_POINT ( 'NONE',  ( -0.9248100461410775400, 2.710505431213761100E-017, 0.5374999999999997600 ) ) ;
#44 = DIRECTION ( 'NONE',  ( 1.000000000000000000, 2.750465538128683400E-015, 0.0000000000000000000 ) ) ;
#45 = CLOSED_SHELL ( 'NONE', ( #150, #1360, #3058, #1328, #2269, #1344, #864, #2831, #663, #1315, #1105, #2090, #2808, #132 ) ) ;
#46 = CARTESIAN_POINT ( 'NONE',  ( 1.050000000000000000, 0.1749999999999999900, -0.1125000000000001800 ) ) ;
#47 = DIRECTION ( 'NONE',  ( 0.0000000000000000000, -1.000000000000000000, 0.0000000000000000000 ) ) ;
#48 = ORIENTED_EDGE ( 'NONE', *, *, #780, .T. ) ;
#49 = CARTESIAN_POINT ( 'NONE',  ( -0.6250000000000001100, 0.5999999999999930900, 0.1124999999999997500 ) ) ;
#50 = DIRECTION ( 'NONE',  ( 0.0000000000000000000, 0.1218693434051477400, 0.9925461516413219800 ) ) ;
#51 = ORIENTED_EDGE ( 'NONE', *, *, #960, .T. ) ;
#52 = DIRECTION ( 'NONE',  ( -0.0000000000000000000, 1.000000000000000000, -0.0000000000000000000 ) ) ;
#53 = EDGE_CURVE ( 'NONE', #2650, #2093, #371, .T. ) ;
#54 = DIRECTION ( 'NONE',  ( -1.000000000000000000, 0.0000000000000000000, 0.0000000000000000000 ) ) ;
#55 = ORIENTED_EDGE ( 'NONE', *, *, #2172, .T. ) ;
#56 = PLANE ( 'NONE',  #1183 ) ;
#57 = ORIENTED_EDGE ( 'NONE', *, *, #2134, .T. ) ;
#58 = DIRECTION ( 'NONE',  ( 0.0000000000000000000, 1.000000000000000000, -0.0000000000000000000 ) ) ;
#59 = VERTEX_POINT ( 'NONE', #1877 ) ;
#60 = VERTEX_POINT ( 'NONE', #1915 ) ;
#61 = DIRECTION ( 'NONE',  ( -0.0000000000000000000, -0.0000000000000000000, -1.000000000000000000 ) ) ;
#62 = LINE ( 'NONE', #1276, #600 ) ;
#63 = CIRCLE ( 'NONE', #1804, 0.2000000000000000900 ) ;
#64 = VECTOR ( 'NONE', #198, 1000.000000000000200 ) ;
#65 = VECTOR ( 'NONE', #251, 1000.000000000000000 ) ;
#66 = VECTOR ( 'NONE', #1607, 1000.000000000000000 ) ;
#67 = EDGE_LOOP ( 'NONE', ( #3007, #2533, #2002, #3086 ) ) ;
#68 = CYLINDRICAL_SURFACE ( 'NONE', #1498, 0.009999999999999918700 ) ;
#69 = CIRCLE ( 'NONE', #1367, 0.1850000000000000500 ) ;
#70 = LINE ( 'NONE', #917, #2486 ) ;
#71 = DIRECTION ( 'NONE',  ( 0.0000000000000000000, -0.0000000000000000000, -1.000000000000000000 ) ) ;
#72 = EDGE_CURVE ( 'NONE', #1982, #788, #2601, .T. ) ;
#73 = DIRECTION ( 'NONE',  ( -0.1209742911513548300, -0.9852565360152931700, 0.1209742911513548300 ) ) ;
#74 = EDGE_LOOP ( 'NONE', ( #1358, #412, #1664, #2058, #2216, #2919, #1692, #1886, #2710, #1925, #504, #2765 ) ) ;
#75 = CARTESIAN_POINT ( 'NONE',  ( -0.9150285701337396200, 0.1829208830918224700, 0.5374999999999997600 ) ) ;
#76 = CARTESIAN_POINT ( 'NONE',  ( 0.6644188604603699100, 0.3999999999999931400, 0.7624999999999997300 ) ) ;
#77 = CARTESIAN_POINT ( 'NONE',  ( -0.6250000000000001100, 0.5999999999999930900, 0.7624999999999997300 ) ) ;
#78 = ORIENTED_EDGE ( 'NONE', *, *, #433, .F. ) ;
#79 = AXIS2_PLACEMENT_3D ( 'NONE', #529, #71, #2447 ) ;
#80 = CARTESIAN_POINT ( 'NONE',  ( -0.6067065261005342200, 0.4510116111916314700, -0.9817065261005342200 ) ) ;
#81 = ORIENTED_EDGE ( 'NONE', *, *, #1470, .F. ) ;
#82 = DIRECTION ( 'NONE',  ( 0.0000000000000000000, 0.0000000000000000000, 1.000000000000000000 ) ) ;
#83 = DIRECTION ( 'NONE',  ( -0.0000000000000000000, -0.0000000000000000000, -1.000000000000000000 ) ) ;
#84 = DIRECTION ( 'NONE',  ( 0.0000000000000000000, -0.0000000000000000000, -1.000000000000000000 ) ) ;
#85 = CARTESIAN_POINT ( 'NONE',  ( -0.6035127018419917900, 0.4249999999999931100, 0.7624999999999997300 ) ) ;
#86 = EDGE_CURVE ( 'NONE', #343, #2476, #2786, .T. ) ;
#87 = DIRECTION ( 'NONE',  ( 1.000000000000000000, 0.0000000000000000000, 0.0000000000000000000 ) ) ;
#88 = EDGE_CURVE ( 'NONE', #1514, #453, #2042, .T. ) ;
#89 = DIRECTION ( 'NONE',  ( 1.000000000000000000, 0.0000000000000000000, 0.0000000000000000000 ) ) ;
#90 = EDGE_CURVE ( 'NONE', #2566, #1550, #2902, .T. ) ;
#91 = DIRECTION ( 'NONE',  ( 0.2079116908177525400, -0.9781476007338070200, 0.0000000000000000000 ) ) ;
#92 = DIRECTION ( 'NONE',  ( -0.2079116908177525400, 0.9781476007338070200, 0.0000000000000000000 ) ) ;
#93 = VERTEX_POINT ( 'NONE', #1887 ) ;
#94 = AXIS2_PLACEMENT_3D ( 'NONE', #3004, #411, #2806 ) ;
#95 = ORIENTED_EDGE ( 'NONE', *, *, #607, .T. ) ;
#96 = VERTEX_POINT ( 'NONE', #36 ) ;
#97 = DIRECTION ( 'NONE',  ( 0.0000000000000000000, -1.000000000000000000, 0.0000000000000000000 ) ) ;
#98 = ORIENTED_EDGE ( 'NONE', *, *, #53, .T. ) ;
#99 = EDGE_LOOP ( 'NONE', ( #1144, #676, #2020, #2200 ) ) ;
#100 = LINE ( 'NONE', #3053, #841 ) ;
#101 = PRESENTATION_STYLE_ASSIGNMENT (( #482 ) ) ;
#102 = CARTESIAN_POINT ( 'NONE',  ( 0.9248100461410775400, 2.710505431213761100E-017, -0.1125000000000001800 ) ) ;
#103 = LINE ( 'NONE', #978, #768 ) ;
#104 = VECTOR ( 'NONE', #2912, 1000.000000000000000 ) ;
#105 = PLANE ( 'NONE',  #2366 ) ;
#106 = DIRECTION ( 'NONE',  ( -1.000000000000000000, 0.0000000000000000000, 0.0000000000000000000 ) ) ;
#107 = FACE_OUTER_BOUND ( 'NONE', #2173, .T. ) ;
#108 = VECTOR ( 'NONE', #1365, 1000.000000000000000 ) ;
#109 = DIRECTION ( 'NONE',  ( -0.0000000000000000000, -0.0000000000000000000, -1.000000000000000000 ) ) ;
#110 = CIRCLE ( 'NONE', #2904, 0.1850000000000000500 ) ;
#111 = AXIS2_PLACEMENT_3D ( 'NONE', #2105, #2815, #1368 ) ;
#112 = LINE ( 'NONE', #26, #1062 ) ;
#113 = EDGE_CURVE ( 'NONE', #1969, #516, #302, .T. ) ;
#114 = ORIENTED_EDGE ( 'NONE', *, *, #780, .F. ) ;
#115 = EDGE_CURVE ( 'NONE', #2315, #1142, #2113, .T. ) ;
#116 = CARTESIAN_POINT ( 'NONE',  ( 0.6035127018419917900, 0.4249999999999931100, 0.7624999999999997300 ) ) ;
#117 = VERTEX_POINT ( 'NONE', #744 ) ;
#118 = ADVANCED_FACE ( 'NONE', ( #2420 ), #1929, .F. ) ;
#119 = ORIENTED_EDGE ( 'NONE', *, *, #2572, .F. ) ;
#120 = AXIS2_PLACEMENT_3D ( 'NONE', #1562, #2966, #2056 ) ;
#121 = DIRECTION ( 'NONE',  ( 1.000000000000000000, 2.165114170637245000E-016, -0.0000000000000000000 ) ) ;
#122 = CARTESIAN_POINT ( 'NONE',  ( 0.9248100461410775400, 2.710505431213761100E-017, 0.7624999999999997300 ) ) ;
#123 = VERTEX_POINT ( 'NONE', #1242 ) ;
#124 = CARTESIAN_POINT ( 'NONE',  ( 0.6644188604603699100, 0.4249999999999931600, -0.5375000000000002000 ) ) ;
#125 = DIRECTION ( 'NONE',  ( -1.000000000000000000, 0.0000000000000000000, 0.0000000000000000000 ) ) ;
#126 = DIRECTION ( 'NONE',  ( -0.0000000000000000000, -0.0000000000000000000, -1.000000000000000000 ) ) ;
#127 = ORIENTED_EDGE ( 'NONE', *, *, #607, .F. ) ;
#128 = EDGE_CURVE ( 'NONE', #2080, #2057, #2150, .T. ) ;
#129 = EDGE_LOOP ( 'NONE', ( #2992, #2495, #1560, #1410, #1100, #786, #1725, #2780, #17, #2174, #3015, #1283 ) ) ;
#130 = PLANE ( 'NONE',  #2621 ) ;
#131 = EDGE_CURVE ( 'NONE', #2244, #2801, #183, .T. ) ;
#132 = ADVANCED_FACE ( 'NONE', ( #1029 ), #1691, .F. ) ;
#133 = ORIENTED_EDGE ( 'NONE', *, *, #959, .F. ) ;
#134 = DIRECTION ( 'NONE',  ( -0.0000000000000000000, -0.0000000000000000000, -1.000000000000000000 ) ) ;
#135 = ORIENTED_EDGE ( 'NONE', *, *, #1484, .T. ) ;
#136 = AXIS2_PLACEMENT_3D ( 'NONE', #321, #336, #1557 ) ;
#137 = AXIS2_PLACEMENT_3D ( 'NONE', #2123, #440, #687 ) ;
#138 = MANIFOLD_SOLID_BREP ( 'Boss-Extrude4', #1776 ) ;
#139 = LINE ( 'NONE', #1064, #2990 ) ;
#140 = PLANE ( 'NONE',  #1488 ) ;
#141 = VERTEX_POINT ( 'NONE', #495 ) ;
#142 = DIRECTION ( 'NONE',  ( 1.000000000000000000, 0.0000000000000000000, 0.0000000000000000000 ) ) ;
#143 = LINE ( 'NONE', #619, #256 ) ;
#144 = VECTOR ( 'NONE', #1084, 1000.000000000000200 ) ;
#145 = DIRECTION ( 'NONE',  ( -0.9925461516413219800, -0.1218693434051475200, 0.0000000000000000000 ) ) ;
#146 = ORIENTED_EDGE ( 'NONE', *, *, #1259, .T. ) ;
#147 = LINE ( 'NONE', #2636, #1997 ) ;
#148 = DIRECTION ( 'NONE',  ( 1.000000000000000000, 0.0000000000000000000, 0.0000000000000000000 ) ) ;
#149 = VECTOR ( 'NONE', #340, 1000.000000000000200 ) ;
#150 = ADVANCED_FACE ( 'NONE', ( #2965 ), #754, .F. ) ;
#151 = ORIENTED_EDGE ( 'NONE', *, *, #1545, .F. ) ;
#152 = DIRECTION ( 'NONE',  ( 0.0000000000000000000, -0.0000000000000000000, -1.000000000000000000 ) ) ;
#153 = VERTEX_POINT ( 'NONE', #2908 ) ;
#154 = ORIENTED_EDGE ( 'NONE', *, *, #1231, .T. ) ;
#155 = CARTESIAN_POINT ( 'NONE',  ( -0.6035127018419917900, 0.4249999999999931100, 0.7624999999999997300 ) ) ;
#156 = SURFACE_STYLE_USAGE ( .BOTH. , #2313 ) ;
#157 = CARTESIAN_POINT ( 'NONE',  ( 0.6035127018419917900, 0.4249999999999931100, -0.5375000000000002000 ) ) ;
#158 = ORIENTED_EDGE ( 'NONE', *, *, #2248, .T. ) ;
#159 = CLOSED_SHELL ( 'NONE', ( #466, #650, #1663, #2735, #2111, #172, #3043, #2995, #1390, #2300, #2053, #228, #1199, #2081 ) ) ;
#160 = CARTESIAN_POINT ( 'NONE',  ( -0.6644188604603699100, 0.5999999999999932100, -0.1125000000000001800 ) ) ;
#161 = ADVANCED_FACE ( 'NONE', ( #2822 ), #1485, .T. ) ;
#162 = DIRECTION ( 'NONE',  ( -0.9925461516413219800, -0.1218693434051475200, 0.0000000000000000000 ) ) ;
#163 = EDGE_LOOP ( 'NONE', ( #1296, #381, #1178, #360 ) ) ;
#164 = EDGE_CURVE ( 'NONE', #788, #141, #500, .T. ) ;
#165 = EDGE_LOOP ( 'NONE', ( #1711, #2271, #2193, #787 ) ) ;
#166 = ORIENTED_EDGE ( 'NONE', *, *, #1422, .F. ) ;
#167 = DIRECTION ( 'NONE',  ( 0.2079116908177530100, -0.9781476007338069100, 0.0000000000000000000 ) ) ;
#168 = EDGE_CURVE ( 'NONE', #2951, #1803, #2192, .T. ) ;
#169 = ORIENTED_EDGE ( 'NONE', *, *, #1047, .F. ) ;
#170 = CARTESIAN_POINT ( 'NONE',  ( -0.9248100461410775400, 0.1850000000000000000, 0.7624999999999997300 ) ) ;
#171 = FACE_OUTER_BOUND ( 'NONE', #569, .T. ) ;
#172 = ADVANCED_FACE ( 'NONE', ( #919 ), #783, .F. ) ;
#173 = ORIENTED_EDGE ( 'NONE', *, *, #2177, .F. ) ;
#174 = LINE ( 'NONE', #3090, #3078 ) ;
#175 = LINE ( 'NONE', #2499, #491 ) ;
#176 = CIRCLE ( 'NONE', #3097, 0.06000000000000004600 ) ;
#177 = AXIS2_PLACEMENT_3D ( 'NONE', #2852, #1195, #1421 ) ;
#178 = CYLINDRICAL_SURFACE ( 'NONE', #200, 0.06000000000000004600 ) ;
#179 = LINE ( 'NONE', #2828, #1132 ) ;
#180 = CIRCLE ( 'NONE', #2282, 0.06000000000000004600 ) ;
#181 = DIRECTION ( 'NONE',  ( 0.0000000000000000000, -0.0000000000000000000, -1.000000000000000000 ) ) ;
#182 = VECTOR ( 'NONE', #948, 1000.000000000000000 ) ;
#183 = LINE ( 'NONE', #2660, #1578 ) ;
#184 = DIRECTION ( 'NONE',  ( -1.000000000000000000, 2.165114170637244800E-016, 0.0000000000000000000 ) ) ;
#185 = FILL_AREA_STYLE_COLOUR ( '', #1792 ) ;
#186 = DIRECTION ( 'NONE',  ( 0.0000000000000000000, -1.000000000000000000, 0.0000000000000000000 ) ) ;
#187 = PLANE ( 'NONE',  #355 ) ;
#188 = EDGE_LOOP ( 'NONE', ( #2391, #1162, #1859, #1942 ) ) ;
#189 = ORIENTED_EDGE ( 'NONE', *, *, #2894, .F. ) ;
#190 = CARTESIAN_POINT ( 'NONE',  ( -0.3636077195485476500, 1.049999999999993200, -0.7386077195485476500 ) ) ;
#191 = ORIENTED_EDGE ( 'NONE', *, *, #1900, .F. ) ;
#192 = EDGE_CURVE ( 'NONE', #2459, #2409, #112, .T. ) ;
#193 = EDGE_CURVE ( 'NONE', #1874, #2845, #771, .T. ) ;
#194 = DIRECTION ( 'NONE',  ( 0.0000000000000000000, 1.000000000000000000, 0.0000000000000000000 ) ) ;
#195 = ADVANCED_FACE ( 'NONE', ( #1795 ), #407, .T. ) ;
#196 = ORIENTED_EDGE ( 'NONE', *, *, #2570, .F. ) ;
#197 = FILL_AREA_STYLE ('',( #185 ) ) ;
#198 = DIRECTION ( 'NONE',  ( -0.2079116908177530100, -0.9781476007338069100, 0.0000000000000000000 ) ) ;
#199 = PLANE ( 'NONE',  #2142 ) ;
#200 = AXIS2_PLACEMENT_3D ( 'NONE', #2108, #1636, #695 ) ;
#201 = DIRECTION ( 'NONE',  ( -0.0000000000000000000, -0.0000000000000000000, -1.000000000000000000 ) ) ;
#202 = DIRECTION ( 'NONE',  ( -1.000000000000000000, 0.0000000000000000000, 0.0000000000000000000 ) ) ;
#203 = DIRECTION ( 'NONE',  ( 0.0000000000000000000, 1.000000000000000000, 0.0000000000000000000 ) ) ;
#204 = DIRECTION ( 'NONE',  ( 0.0000000000000000000, -1.000000000000000000, 0.0000000000000000000 ) ) ;
#205 = ORIENTED_EDGE ( 'NONE', *, *, #2514, .F. ) ;
#206 = CARTESIAN_POINT ( 'NONE',  ( 0.6250000000000000000, 0.5999999999999930900, -1.000000000000000000 ) ) ;
#207 = DIRECTION ( 'NONE',  ( 1.000000000000000000, 2.750465538128683400E-015, 0.0000000000000000000 ) ) ;
#208 = ADVANCED_FACE ( 'NONE', ( #2748 ), #2528, .F. ) ;
#209 = ORIENTED_EDGE ( 'NONE', *, *, #90, .T. ) ;
#210 = AXIS2_PLACEMENT_3D ( 'NONE', #2520, #2062, #2277 ) ;
#211 = EDGE_LOOP ( 'NONE', ( #236, #1189, #712, #547 ) ) ;
#212 = ORIENTED_EDGE ( 'NONE', *, *, #1970, .F. ) ;
#213 = DIRECTION ( 'NONE',  ( 1.000000000000000000, 2.750465538128683400E-015, 0.0000000000000000000 ) ) ;
#214 = VERTEX_POINT ( 'NONE', #794 ) ;
#215 = DIRECTION ( 'NONE',  ( -1.000000000000000000, 0.0000000000000000000, 0.0000000000000000000 ) ) ;
#216 = EDGE_CURVE ( 'NONE', #141, #2637, #1963, .T. ) ;
#217 = VECTOR ( 'NONE', #584, 1000.000000000000000 ) ;
#218 = LINE ( 'NONE', #2332, #721 ) ;
#219 = PRODUCT_DEFINITION_FORMATION_WITH_SPECIFIED_SOURCE ( 'ANY', '', #1340, .NOT_KNOWN. ) ;
#220 = VECTOR ( 'NONE', #451, 1000.000000000000000 ) ;
#221 = CARTESIAN_POINT ( 'NONE',  ( -1.050000000000000000, 0.0000000000000000000, -0.5375000000000002000 ) ) ;
#222 = PLANE ( 'NONE',  #1385 ) ;
#223 = FACE_OUTER_BOUND ( 'NONE', #1772, .T. ) ;
#224 = DIRECTION ( 'NONE',  ( -0.0000000000000000000, -0.0000000000000000000, -1.000000000000000000 ) ) ;
#225 = VECTOR ( 'NONE', #2161, 1000.000000000000000 ) ;
#226 = DIRECTION ( 'NONE',  ( -0.1218693434051475200, 0.9925461516413219800, 0.0000000000000000000 ) ) ;
#227 = ORIENTED_EDGE ( 'NONE', *, *, #1697, .T. ) ;
#228 = ADVANCED_FACE ( 'NONE', ( #1471 ), #1048, .F. ) ;
#229 = CARTESIAN_POINT ( 'NONE',  ( -0.6888725504787151000, 0.4051977922704369500, 0.7624999999999997300 ) ) ;
#230 = EDGE_LOOP ( 'NONE', ( #1066, #1552, #486, #517 ) ) ;
#231 = DIRECTION ( 'NONE',  ( 0.0000000000000000000, 0.0000000000000000000, -1.000000000000000000 ) ) ;
#232 = CARTESIAN_POINT ( 'NONE',  ( -0.9248100461410775400, 2.710505431213761100E-017, -0.1125000000000001800 ) ) ;
#233 = ORIENTED_EDGE ( 'NONE', *, *, #1899, .T. ) ;
#234 = CARTESIAN_POINT ( 'NONE',  ( -0.6888725504787151000, 0.4051977922704369500, 0.1124999999999997500 ) ) ;
#235 = EDGE_CURVE ( 'NONE', #123, #96, #2225, .T. ) ;
#236 = ORIENTED_EDGE ( 'NONE', *, *, #2333, .F. ) ;
#237 = CARTESIAN_POINT ( 'NONE',  ( -1.050000000000000000, 0.1749999999999999900, 0.1124999999999997500 ) ) ;
#238 = DIRECTION ( 'NONE',  ( 0.0000000000000000000, -0.0000000000000000000, 1.000000000000000000 ) ) ;
#239 = CARTESIAN_POINT ( 'NONE',  ( 0.7438527400053232000, 0.1465363371987157500, -0.1125000000000001800 ) ) ;
#240 = AXIS2_PLACEMENT_3D ( 'NONE', #2175, #2408, #1736 ) ;
#241 = SURFACE_SIDE_STYLE ('',( #1656 ) ) ;
#242 = ORIENTED_EDGE ( 'NONE', *, *, #2513, .F. ) ;
#243 = PLANE ( 'NONE',  #1224 ) ;
#244 = VERTEX_POINT ( 'NONE', #836 ) ;
#245 = ORIENTED_EDGE ( 'NONE', *, *, #21, .F. ) ;
#246 = ORIENTED_EDGE ( 'NONE', *, *, #192, .F. ) ;
#247 = ORIENTED_EDGE ( 'NONE', *, *, #1091, .T. ) ;
#248 = EDGE_CURVE ( 'NONE', #257, #1514, #609, .T. ) ;
#249 = EDGE_CURVE ( 'NONE', #2245, #2841, #845, .T. ) ;
#250 = EDGE_CURVE ( 'NONE', #1012, #2245, #2935, .T. ) ;
#251 = DIRECTION ( 'NONE',  ( 0.1209742911513548300, 0.9852565360152931700, 0.1209742911513548300 ) ) ;
#252 = EDGE_CURVE ( 'NONE', #421, #501, #528, .T. ) ;
#253 = FILL_AREA_STYLE_COLOUR ( '', #1220 ) ;
#254 = VECTOR ( 'NONE', #438, 1000.000000000000000 ) ;
#255 = DIRECTION ( 'NONE',  ( 0.0000000000000000000, 1.000000000000000000, 0.0000000000000000000 ) ) ;
#256 = VECTOR ( 'NONE', #416, 1000.000000000000000 ) ;
#257 = VERTEX_POINT ( 'NONE', #1491 ) ;
#258 = FACE_OUTER_BOUND ( 'NONE', #2666, .T. ) ;
#259 = LINE ( 'NONE', #2653, #2642 ) ;
#260 = LINE ( 'NONE', #3103, #2033 ) ;
#261 = VECTOR ( 'NONE', #1395, 1000.000000000000000 ) ;
#262 = VECTOR ( 'NONE', #2794, 1000.000000000000100 ) ;
#263 = AXIS2_PLACEMENT_3D ( 'NONE', #1181, #905, #1154 ) ;
#264 = AXIS2_PLACEMENT_3D ( 'NONE', #1902, #1853, #2842 ) ;
#265 = PLANE ( 'NONE',  #2608 ) ;
#266 = CARTESIAN_POINT ( 'NONE',  ( -0.9248100461410775400, 2.710505431213761100E-017, -0.1125000000000001800 ) ) ;
#267 = VECTOR ( 'NONE', #1040, 1000.000000000000000 ) ;
#268 = VERTEX_POINT ( 'NONE', #296 ) ;
#269 = DIRECTION ( 'NONE',  ( -0.1218693434051475200, -0.9925461516413219800, 0.0000000000000000000 ) ) ;
#270 = ORIENTED_EDGE ( 'NONE', *, *, #878, .T. ) ;
#271 = SURFACE_SIDE_STYLE ('',( #2100 ) ) ;
#272 = VERTEX_POINT ( 'NONE', #570 ) ;
#273 = AXIS2_PLACEMENT_3D ( 'NONE', #389, #377, #1118 ) ;
#274 = DIRECTION ( 'NONE',  ( 0.0000000000000000000, -0.0000000000000000000, -1.000000000000000000 ) ) ;
#275 = VERTEX_POINT ( 'NONE', #815 ) ;
#276 = DIRECTION ( 'NONE',  ( -5.421010862427523400E-017, 0.0000000000000000000, -1.000000000000000000 ) ) ;
#277 = EDGE_CURVE ( 'NONE', #1765, #268, #2297, .T. ) ;
#278 = DIRECTION ( 'NONE',  ( 0.9925461516413219800, -0.1218693434051475200, 0.0000000000000000000 ) ) ;
#279 = EDGE_CURVE ( 'NONE', #2584, #2571, #1098, .T. ) ;
#280 = EDGE_LOOP ( 'NONE', ( #890, #1851, #1717, #480 ) ) ;
#281 = ORIENTED_EDGE ( 'NONE', *, *, #3072, .F. ) ;
#282 =( LENGTH_UNIT ( ) NAMED_UNIT ( * ) SI_UNIT ( .MILLI., .METRE. ) );
#283 = CARTESIAN_POINT ( 'NONE',  ( -0.9248100461410775400, 0.1850000000000000000, -0.5375000000000002000 ) ) ;
#284 = DIRECTION ( 'NONE',  ( -1.000000000000000000, 0.0000000000000000000, 0.0000000000000000000 ) ) ;
#285 = ORIENTED_EDGE ( 'NONE', *, *, #457, .T. ) ;
#286 = DIRECTION ( 'NONE',  ( -1.000000000000000000, 0.0000000000000000000, 0.0000000000000000000 ) ) ;
#287 = DIRECTION ( 'NONE',  ( -0.0000000000000000000, -0.0000000000000000000, -1.000000000000000000 ) ) ;
#288 = VERTEX_POINT ( 'NONE', #1766 ) ;
#289 = ORIENTED_EDGE ( 'NONE', *, *, #1218, .F. ) ;
#290 = DIRECTION ( 'NONE',  ( 1.000000000000000000, 2.165114170637245000E-016, -0.0000000000000000000 ) ) ;
#291 = VECTOR ( 'NONE', #1075, 1000.000000000000000 ) ;
#292 = CIRCLE ( 'NONE', #2989, 0.009999999999999918700 ) ;
#293 = EDGE_CURVE ( 'NONE', #1596, #1393, #958, .T. ) ;
#294 = CARTESIAN_POINT ( 'NONE',  ( -0.9248100461410775400, 0.1750000000000000400, 0.1124999999999997500 ) ) ;
#295 = EDGE_CURVE ( 'NONE', #2757, #854, #2037, .T. ) ;
#296 = CARTESIAN_POINT ( 'NONE',  ( -0.6644188604603699100, 0.4249999999999931600, 0.1124999999999997500 ) ) ;
#297 = FACE_OUTER_BOUND ( 'NONE', #1076, .T. ) ;
#298 = PRODUCT_DEFINITION ( 'UNKNOWN', '', #219, #1975 ) ;
#299 =( NAMED_UNIT ( * ) SI_UNIT ( $, .STERADIAN. ) SOLID_ANGLE_UNIT ( ) );
#300 = FACE_OUTER_BOUND ( 'NONE', #902, .T. ) ;
#301 = ORIENTED_EDGE ( 'NONE', *, *, #2658, .T. ) ;
#302 = LINE ( 'NONE', #1433, #1619 ) ;
#303 = ORIENTED_EDGE ( 'NONE', *, *, #295, .T. ) ;
#304 = AXIS2_PLACEMENT_3D ( 'NONE', #1335, #1325, #2799 ) ;
#305 = DIRECTION ( 'NONE',  ( 0.0000000000000000000, -0.0000000000000000000, -1.000000000000000000 ) ) ;
#306 = ORIENTED_EDGE ( 'NONE', *, *, #2061, .T. ) ;
#307 = DIRECTION ( 'NONE',  ( 0.0000000000000000000, 1.000000000000000000, 0.0000000000000000000 ) ) ;
#308 = DIRECTION ( 'NONE',  ( -1.000000000000000000, 0.0000000000000000000, 0.0000000000000000000 ) ) ;
#309 = DIRECTION ( 'NONE',  ( 0.0000000000000000000, 1.000000000000000000, 0.0000000000000000000 ) ) ;
#310 = VERTEX_POINT ( 'NONE', #1516 ) ;
#311 = CARTESIAN_POINT ( 'NONE',  ( -0.9248100461410775400, 0.1850000000000000000, 0.1124999999999997500 ) ) ;
#312 = ORIENTED_EDGE ( 'NONE', *, *, #576, .T. ) ;
#313 = AXIS2_PLACEMENT_3D ( 'NONE', #1576, #2998, #1817 ) ;
#314 = CARTESIAN_POINT ( 'NONE',  ( -0.9248100461410775400, 2.710505431213761100E-017, -0.5375000000000002000 ) ) ;
#315 = CARTESIAN_POINT ( 'NONE',  ( -0.9248100461410775400, 0.1850000000000000000, 0.5374999999999997600 ) ) ;
#316 = CARTESIAN_POINT ( 'NONE',  ( 0.6035127018419917900, 0.4249999999999931100, 0.5374999999999997600 ) ) ;
#317 = AXIS2_PLACEMENT_3D ( 'NONE', #929, #1161, #469 ) ;
#318 = ORIENTED_EDGE ( 'NONE', *, *, #1149, .F. ) ;
#319 = VERTEX_POINT ( 'NONE', #363 ) ;
#320 = VERTEX_POINT ( 'NONE', #124 ) ;
#321 = CARTESIAN_POINT ( 'NONE',  ( 0.9248100461410775400, 0.1850000000000000000, 0.1124999999999997500 ) ) ;
#322 = ORIENTED_EDGE ( 'NONE', *, *, #1375, .F. ) ;
#323 = CIRCLE ( 'NONE', #525, 0.1850000000000000500 ) ;
#324 = VECTOR ( 'NONE', #1659, 1000.000000000000000 ) ;
#325 = LINE ( 'NONE', #1579, #1270 ) ;
#326 = FACE_OUTER_BOUND ( 'NONE', #2711, .T. ) ;
#327 = VECTOR ( 'NONE', #2733, 1000.000000000000000 ) ;
#328 = EDGE_CURVE ( 'NONE', #2792, #797, #805, .T. ) ;
#329 = FACE_OUTER_BOUND ( 'NONE', #2317, .T. ) ;
#330 = SURFACE_STYLE_USAGE ( .BOTH. , #2515 ) ;
#331 = LINE ( 'NONE', #2308, #2556 ) ;
#332 = CIRCLE ( 'NONE', #946, 0.06000000000000004600 ) ;
#333 = EDGE_CURVE ( 'NONE', #2235, #1524, #994, .T. ) ;
#334 = VERTEX_POINT ( 'NONE', #2011 ) ;
#335 = DIRECTION ( 'NONE',  ( -0.0000000000000000000, -0.0000000000000000000, -1.000000000000000000 ) ) ;
#336 = DIRECTION ( 'NONE',  ( -0.0000000000000000000, -0.0000000000000000000, -1.000000000000000000 ) ) ;
#337 = ADVANCED_FACE ( 'NONE', ( #11 ), #1778, .F. ) ;
#338 = DIRECTION ( 'NONE',  ( -1.000000000000000000, 0.0000000000000000000, 0.0000000000000000000 ) ) ;
#339 = ORIENTED_EDGE ( 'NONE', *, *, #579, .F. ) ;
#340 = DIRECTION ( 'NONE',  ( 0.2079116908177525400, 0.9781476007338070200, -0.0000000000000000000 ) ) ;
#341 = ORIENTED_EDGE ( 'NONE', *, *, #2699, .T. ) ;
#342 = DIRECTION ( 'NONE',  ( -0.0000000000000000000, -0.0000000000000000000, -1.000000000000000000 ) ) ;
#343 = VERTEX_POINT ( 'NONE', #102 ) ;
#344 = PLANE ( 'NONE',  #3065 ) ;
#345 = CARTESIAN_POINT ( 'NONE',  ( 1.050000000000000000, 0.1749999999999999900, 0.7624999999999997300 ) ) ;
#346 = PLANE ( 'NONE',  #2502 ) ;
#347 = DIRECTION ( 'NONE',  ( -1.000000000000000000, -2.165114170637245000E-016, 0.0000000000000000000 ) ) ;
#348 = ORIENTED_EDGE ( 'NONE', *, *, #248, .F. ) ;
#349 = EDGE_CURVE ( 'NONE', #2910, #244, #2484, .T. ) ;
#350 = CARTESIAN_POINT ( 'NONE',  ( 0.6644188604603699100, 0.3999999999999931400, 0.7624999999999997300 ) ) ;
#351 = EDGE_CURVE ( 'NONE', #2022, #2396, #2594, .T. ) ;
#352 = ADVANCED_FACE ( 'NONE', ( #1615 ), #68, .F. ) ;
#353 = CARTESIAN_POINT ( 'NONE',  ( 0.6250000000000001100, 0.5999999999999930900, -0.1125000000000001800 ) ) ;
#354 = CARTESIAN_POINT ( 'NONE',  ( 0.6035127018419917900, 0.4249999999999931100, -0.5375000000000002000 ) ) ;
#355 = AXIS2_PLACEMENT_3D ( 'NONE', #2131, #921, #2849 ) ;
#356 = AXIS2_PLACEMENT_3D ( 'NONE', #2500, #2945, #2737 ) ;
#357 = ORIENTED_EDGE ( 'NONE', *, *, #293, .F. ) ;
#358 = DIRECTION ( 'NONE',  ( -1.000000000000000000, -2.165114170637245000E-016, 0.0000000000000000000 ) ) ;
#359 =( NAMED_UNIT ( * ) PLANE_ANGLE_UNIT ( ) SI_UNIT ( $, .RADIAN. ) );
#360 = ORIENTED_EDGE ( 'NONE', *, *, #2246, .T. ) ;
#361 = ORIENTED_EDGE ( 'NONE', *, *, #2835, .F. ) ;
#362 = FACE_OUTER_BOUND ( 'NONE', #3088, .T. ) ;
#363 = CARTESIAN_POINT ( 'NONE',  ( 0.7438527400053232000, 0.1465363371987157500, 0.5374999999999997600 ) ) ;
#364 = CARTESIAN_POINT ( 'NONE',  ( -0.6644188604603699100, 0.3999999999999931400, 0.5374999999999997600 ) ) ;
#365 = PRESENTATION_STYLE_ASSIGNMENT (( #2340 ) ) ;
#366 = LINE ( 'NONE', #580, #1957 ) ;
#367 = FACE_OUTER_BOUND ( 'NONE', #2545, .T. ) ;
#368 = LINE ( 'NONE', #2762, #1748 ) ;
#369 = LINE ( 'NONE', #2043, #1722 ) ;
#370 = AXIS2_PLACEMENT_3D ( 'NONE', #382, #2078, #3009 ) ;
#371 = LINE ( 'NONE', #2871, #2680 ) ;
#372 = CARTESIAN_POINT ( 'NONE',  ( -0.9248100461410775400, 2.710505431213761100E-017, -0.7625000000000001800 ) ) ;
#373 = DIRECTION ( 'NONE',  ( 0.0000000000000000000, -0.0000000000000000000, -1.000000000000000000 ) ) ;
#374 = VERTEX_POINT ( 'NONE', #2296 ) ;
#375 = EDGE_CURVE ( 'NONE', #1550, #1988, #331, .T. ) ;
#376 = CARTESIAN_POINT ( 'NONE',  ( -0.6250000000000001100, 0.5999999999999930900, -0.5375000000000002000 ) ) ;
#377 = DIRECTION ( 'NONE',  ( -0.9781476007338071300, 0.2079116908177525700, 0.0000000000000000000 ) ) ;
#378 = ORIENTED_EDGE ( 'NONE', *, *, #3048, .F. ) ;
#379 = ORIENTED_EDGE ( 'NONE', *, *, #1838, .T. ) ;
#380 = AXIS2_PLACEMENT_3D ( 'NONE', #2426, #1006, #184 ) ;
#381 = ORIENTED_EDGE ( 'NONE', *, *, #1879, .F. ) ;
#382 = CARTESIAN_POINT ( 'NONE',  ( -0.6644188604603699100, 0.3999999999999931400, 0.5374999999999997600 ) ) ;
#383 = CARTESIAN_POINT ( 'NONE',  ( 0.9248100461410775400, 0.1850000000000000000, 0.7624999999999997300 ) ) ;
#384 = VERTEX_POINT ( 'NONE', #1547 ) ;
#385 = ORIENTED_EDGE ( 'NONE', *, *, #1374, .T. ) ;
#386 = CARTESIAN_POINT ( 'NONE',  ( -0.3636077195485476500, 1.099999999999993200, -0.6786077195485475900 ) ) ;
#387 = EDGE_CURVE ( 'NONE', #2427, #1800, #2817, .T. ) ;
#388 = DIRECTION ( 'NONE',  ( -0.0000000000000000000, 0.0000000000000000000, -1.000000000000000000 ) ) ;
#389 = CARTESIAN_POINT ( 'NONE',  ( -0.6888725504787151000, 0.4051977922704369500, -0.5375000000000002000 ) ) ;
#390 = ORIENTED_EDGE ( 'NONE', *, *, #1441, .F. ) ;
#391 = ADVANCED_FACE ( 'NONE', ( #2261 ), #608, .F. ) ;
#392 = ORIENTED_EDGE ( 'NONE', *, *, #2573, .F. ) ;
#393 = ADVANCED_FACE ( 'NONE', ( #1467 ), #344, .F. ) ;
#394 = VERTEX_POINT ( 'NONE', #1101 ) ;
#395 = ORIENTED_EDGE ( 'NONE', *, *, #2294, .F. ) ;
#396 = LINE ( 'NONE', #2163, #2643 ) ;
#397 = CARTESIAN_POINT ( 'NONE',  ( -0.3636077195485476500, 1.099999999999993200, -0.7386077195485476500 ) ) ;
#398 = LINE ( 'NONE', #2857, #988 ) ;
#399 = CIRCLE ( 'NONE', #2470, 0.2000000000000000900 ) ;
#400 = LINE ( 'NONE', #966, #2895 ) ;
#401 = EDGE_LOOP ( 'NONE', ( #2724, #1813, #2656, #2939, #28, #817, #158, #1288, #1432, #341, #700, #1923 ) ) ;
#402 = CIRCLE ( 'NONE', #873, 0.009999999999999918700 ) ;
#403 = CARTESIAN_POINT ( 'NONE',  ( -0.6035127018419917900, 0.4249999999999931100, -0.5375000000000002000 ) ) ;
#404 = CARTESIAN_POINT ( 'NONE',  ( 0.6888725504787151000, 0.4051977922704369500, -0.5375000000000002000 ) ) ;
#405 = CYLINDRICAL_SURFACE ( 'NONE', #968, 0.1850000000000000500 ) ;
#406 = ORIENTED_EDGE ( 'NONE', *, *, #1401, .F. ) ;
#407 = CYLINDRICAL_SURFACE ( 'NONE', #1460, 0.06000000000000004600 ) ;
#408 = EDGE_CURVE ( 'NONE', #1262, #2566, #683, .T. ) ;
#409 = EDGE_CURVE ( 'NONE', #1941, #2092, #2107, .T. ) ;
#410 = EDGE_CURVE ( 'NONE', #257, #575, #2188, .T. ) ;
#411 = DIRECTION ( 'NONE',  ( 1.000000000000000000, 0.0000000000000000000, -0.0000000000000000000 ) ) ;
#412 = ORIENTED_EDGE ( 'NONE', *, *, #2419, .F. ) ;
#413 = ADVANCED_FACE ( 'NONE', ( #647 ), #638, .F. ) ;
#414 = VERTEX_POINT ( 'NONE', #2790 ) ;
#415 = CARTESIAN_POINT ( 'NONE',  ( 0.7438527400053232000, 0.1465363371987157500, -0.5375000000000002000 ) ) ;
#416 = DIRECTION ( 'NONE',  ( 0.0000000000000000000, -0.0000000000000000000, -1.000000000000000000 ) ) ;
#417 = DIRECTION ( 'NONE',  ( -1.000000000000000000, 2.750465538128683400E-015, 0.0000000000000000000 ) ) ;
#418 = AXIS2_PLACEMENT_3D ( 'NONE', #477, #1928, #1501 ) ;
#419 = ORIENTED_EDGE ( 'NONE', *, *, #2618, .F. ) ;
#420 = DIRECTION ( 'NONE',  ( 0.2079116908177530100, -0.9781476007338069100, 0.0000000000000000000 ) ) ;
#421 = VERTEX_POINT ( 'NONE', #3061 ) ;
#422 = PLANE ( 'NONE',  #1305 ) ;
#423 = ORIENTED_EDGE ( 'NONE', *, *, #1582, .F. ) ;
#424 =( LENGTH_UNIT ( ) NAMED_UNIT ( * ) SI_UNIT ( .MILLI., .METRE. ) );
#425 = CARTESIAN_POINT ( 'NONE',  ( -0.6644188604603699100, 0.5999999999999932100, 0.1124999999999997500 ) ) ;
#426 = ADVANCED_FACE ( 'NONE', ( #3034 ), #1536, .F. ) ;
#427 = PRESENTATION_LAYER_ASSIGNMENT (  '', '', ( #812 ) ) ;
#428 = EDGE_LOOP ( 'NONE', ( #1018, #3002, #2223, #1546 ) ) ;
#429 = EDGE_CURVE ( 'NONE', #824, #2409, #402, .T. ) ;
#430 = ORIENTED_EDGE ( 'NONE', *, *, #351, .F. ) ;
#431 = CARTESIAN_POINT ( 'NONE',  ( -0.3636077195485476500, 1.099999999999993200, -0.7386077195485476500 ) ) ;
#432 = DIRECTION ( 'NONE',  ( -0.0000000000000000000, -0.0000000000000000000, -1.000000000000000000 ) ) ;
#433 = EDGE_CURVE ( 'NONE', #275, #1654, #2415, .T. ) ;
#434 = ORIENTED_EDGE ( 'NONE', *, *, #1599, .T. ) ;
#435 = CARTESIAN_POINT ( 'NONE',  ( -0.3636077195485476500, 0.8802943725152218000, -0.6786077195485475900 ) ) ;
#436 = ORIENTED_EDGE ( 'NONE', *, *, #792, .T. ) ;
#437 = CARTESIAN_POINT ( 'NONE',  ( 0.9150285701337396200, 0.1829208830918224700, -0.7625000000000001800 ) ) ;
#438 = DIRECTION ( 'NONE',  ( 1.000000000000000000, -0.0000000000000000000, -0.0000000000000000000 ) ) ;
#439 = LINE ( 'NONE', #951, #2928 ) ;
#440 = DIRECTION ( 'NONE',  ( -0.0000000000000000000, -0.0000000000000000000, -1.000000000000000000 ) ) ;
#441 = LINE ( 'NONE', #1036, #1789 ) ;
#442 = PRESENTATION_LAYER_ASSIGNMENT (  '', '', ( #2823 ) ) ;
#443 = LINE ( 'NONE', #3095, #64 ) ;
#444 = ORIENTED_EDGE ( 'NONE', *, *, #1295, .F. ) ;
#445 = VECTOR ( 'NONE', #1549, 1000.000000000000000 ) ;
#446 = CARTESIAN_POINT ( 'NONE',  ( 0.6644188604603699100, 0.5999999999999932100, 0.7624999999999997300 ) ) ;
#447 = LINE ( 'NONE', #1417, #840 ) ;
#448 = ADVANCED_FACE ( 'NONE', ( #916 ), #3039, .F. ) ;
#449 = ORIENTED_EDGE ( 'NONE', *, *, #2572, .T. ) ;
#450 = VECTOR ( 'NONE', #2464, 1000.000000000000000 ) ;
#451 = DIRECTION ( 'NONE',  ( 0.0000000000000000000, -0.0000000000000000000, -1.000000000000000000 ) ) ;
#452 = CARTESIAN_POINT ( 'NONE',  ( 1.050000000000000000, 0.1749999999999999900, -0.1125000000000001800 ) ) ;
#453 = VERTEX_POINT ( 'NONE', #2567 ) ;
#454 = ORIENTED_EDGE ( 'NONE', *, *, #2758, .F. ) ;
#455 = ORIENTED_EDGE ( 'NONE', *, *, #556, .T. ) ;
#456 = EDGE_CURVE ( 'NONE', #1475, #3070, #179, .T. ) ;
#457 = EDGE_CURVE ( 'NONE', #2022, #1478, #2677, .T. ) ;
#458 = UNCERTAINTY_MEASURE_WITH_UNIT (LENGTH_MEASURE( 1.000000000000000100E-005 ), #1406, 'distance_accuracy_value', 'NONE');
#459 = CARTESIAN_POINT ( 'NONE',  ( 0.6250000000000001100, 0.5999999999999930900, 0.1124999999999997500 ) ) ;
#460 = AXIS2_PLACEMENT_3D ( 'NONE', #1627, #2137, #2127 ) ;
#461 = ORIENTED_EDGE ( 'NONE', *, *, #1070, .F. ) ;
#462 = DIRECTION ( 'NONE',  ( -0.0000000000000000000, 0.0000000000000000000, 1.000000000000000000 ) ) ;
#463 = PLANE ( 'NONE',  #1009 ) ;
#464 = PLANE ( 'NONE',  #1933 ) ;
#465 = VERTEX_POINT ( 'NONE', #2129 ) ;
#466 = ADVANCED_FACE ( 'NONE', ( #2645 ), #1620, .F. ) ;
#467 = AXIS2_PLACEMENT_3D ( 'NONE', #2084, #2304, #2072 ) ;
#468 = CARTESIAN_POINT ( 'NONE',  ( 0.6250000000000001100, 0.5999999999999930900, 0.5374999999999997600 ) ) ;
#469 = DIRECTION ( 'NONE',  ( 1.000000000000000000, 0.0000000000000000000, 0.0000000000000000000 ) ) ;
#470 = MANIFOLD_SOLID_BREP ( 'Mirror1[3]', #45 ) ;
#471 = EDGE_LOOP ( 'NONE', ( #2579, #357, #2305, #1553 ) ) ;
#472 = ORIENTED_EDGE ( 'NONE', *, *, #2981, .F. ) ;
#473 = CARTESIAN_POINT ( 'NONE',  ( -0.9248100461410775400, 2.710505431213761100E-017, 0.1124999999999997500 ) ) ;
#474 = CARTESIAN_POINT ( 'NONE',  ( 0.6644188604603699100, 0.3999999999999931400, 0.1124999999999997500 ) ) ;
#475 = AXIS2_PLACEMENT_3D ( 'NONE', #1394, #1629, #903 ) ;
#476 = ORIENTED_EDGE ( 'NONE', *, *, #2537, .F. ) ;
#477 = CARTESIAN_POINT ( 'NONE',  ( 1.050000000000000000, 0.1749999999999999900, 0.1124999999999997500 ) ) ;
#478 = CARTESIAN_POINT ( 'NONE',  ( -0.6035127018419917900, 0.4249999999999931100, -0.5375000000000002000 ) ) ;
#479 = DIRECTION ( 'NONE',  ( -0.1218693434051475200, 0.9925461516413219800, 0.0000000000000000000 ) ) ;
#480 = ORIENTED_EDGE ( 'NONE', *, *, #690, .T. ) ;
#481 = CARTESIAN_POINT ( 'NONE',  ( -1.050000000000000000, 0.0000000000000000000, 0.5374999999999997600 ) ) ;
#482 = SURFACE_STYLE_USAGE ( .BOTH. , #271 ) ;
#483 = LINE ( 'NONE', #2532, #2703 ) ;
#484 = VECTOR ( 'NONE', #1140, 1000.000000000000000 ) ;
#485 = PLANE ( 'NONE',  #977 ) ;
#486 = ORIENTED_EDGE ( 'NONE', *, *, #1320, .F. ) ;
#487 = CARTESIAN_POINT ( 'NONE',  ( 0.0000000000000000000, 0.09999999999999310800, 0.0000000000000000000 ) ) ;
#488 = DIRECTION ( 'NONE',  ( 0.0000000000000000000, -0.0000000000000000000, -1.000000000000000000 ) ) ;
#489 = LINE ( 'NONE', #2837, #2957 ) ;
#490 = DIRECTION ( 'NONE',  ( 0.1209742911513548300, 0.9852565360152931700, -0.1209742911513548300 ) ) ;
#491 = VECTOR ( 'NONE', #1063, 1000.000000000000000 ) ;
#492 = FACE_OUTER_BOUND ( 'NONE', #784, .T. ) ;
#493 = VECTOR ( 'NONE', #1895, 1000.000000000000000 ) ;
#494 = CARTESIAN_POINT ( 'NONE',  ( 1.050000000000000000, 0.1749999999999999900, -0.5375000000000002000 ) ) ;
#495 = CARTESIAN_POINT ( 'NONE',  ( 1.050000000000000000, 0.0000000000000000000, 0.1124999999999997500 ) ) ;
#496 = SURFACE_STYLE_FILL_AREA ( #197 ) ;
#497 = VECTOR ( 'NONE', #1165, 1000.000000000000000 ) ;
#498 = DIRECTION ( 'NONE',  ( 0.0000000000000000000, 1.000000000000000000, 0.0000000000000000000 ) ) ;
#499 = VECTOR ( 'NONE', #1351, 1000.000000000000000 ) ;
#500 = LINE ( 'NONE', #1010, #2335 ) ;
#501 = VERTEX_POINT ( 'NONE', #1164 ) ;
#502 = CARTESIAN_POINT ( 'NONE',  ( -0.9248100461410775400, 0.1850000000000000000, 0.7624999999999997300 ) ) ;
#503 = DIRECTION ( 'NONE',  ( 0.0000000000000000000, -0.0000000000000000000, -1.000000000000000000 ) ) ;
#504 = ORIENTED_EDGE ( 'NONE', *, *, #1752, .F. ) ;
#505 = CARTESIAN_POINT ( 'NONE',  ( -0.7438527400053232000, 0.1465363371987157500, 0.7624999999999997300 ) ) ;
#506 = ORIENTED_EDGE ( 'NONE', *, *, #832, .F. ) ;
#507 = EDGE_CURVE ( 'NONE', #2623, #96, #1350, .T. ) ;
#508 = CARTESIAN_POINT ( 'NONE',  ( -0.9248100461410775400, 0.1750000000000000400, -0.5375000000000002000 ) ) ;
#509 = ORIENTED_EDGE ( 'NONE', *, *, #937, .T. ) ;
#510 = CARTESIAN_POINT ( 'NONE',  ( 0.6644188604603699100, 0.3999999999999931400, 0.7624999999999997300 ) ) ;
#511 = ORIENTED_EDGE ( 'NONE', *, *, #1068, .T. ) ;
#512 = CARTESIAN_POINT ( 'NONE',  ( 1.050000000000000000, 0.1749999999999999900, 0.7624999999999997300 ) ) ;
#513 = EDGE_CURVE ( 'NONE', #2451, #1968, #880, .T. ) ;
#514 = EDGE_CURVE ( 'NONE', #2512, #501, #1381, .T. ) ;
#515 =( NAMED_UNIT ( * ) PLANE_ANGLE_UNIT ( ) SI_UNIT ( $, .RADIAN. ) );
#516 = VERTEX_POINT ( 'NONE', #931 ) ;
#517 = ORIENTED_EDGE ( 'NONE', *, *, #252, .T. ) ;
#518 = LINE ( 'NONE', #1837, #2807 ) ;
#519 = CARTESIAN_POINT ( 'NONE',  ( 0.6250000000000001100, 0.5999999999999930900, -0.7625000000000001800 ) ) ;
#520 = LINE ( 'NONE', #316, #1420 ) ;
#521 = FACE_OUTER_BOUND ( 'NONE', #428, .T. ) ;
#522 = CYLINDRICAL_SURFACE ( 'NONE', #1944, 0.2000000000000000900 ) ;
#523 = VECTOR ( 'NONE', #61, 1000.000000000000000 ) ;
#524 = CIRCLE ( 'NONE', #2940, 0.009999999999999918700 ) ;
#525 = AXIS2_PLACEMENT_3D ( 'NONE', #1440, #2171, #1431 ) ;
#526 = AXIS2_PLACEMENT_3D ( 'NONE', #2723, #2044, #1520 ) ;
#527 = CARTESIAN_POINT ( 'NONE',  ( -0.3636077195485476500, 1.049999999999993200, -0.7986077195485477000 ) ) ;
#528 = LINE ( 'NONE', #1741, #2382 ) ;
#529 = CARTESIAN_POINT ( 'NONE',  ( 0.9248100461410775400, 0.1850000000000000000, 0.7624999999999997300 ) ) ;
#530 = DIRECTION ( 'NONE',  ( -0.0000000000000000000, -0.0000000000000000000, -1.000000000000000000 ) ) ;
#531 = ORIENTED_EDGE ( 'NONE', *, *, #2034, .F. ) ;
#532 = DIRECTION ( 'NONE',  ( 0.0000000000000000000, -0.0000000000000000000, -1.000000000000000000 ) ) ;
#533 = ORIENTED_EDGE ( 'NONE', *, *, #668, .F. ) ;
#534 = DIRECTION ( 'NONE',  ( -1.000000000000000000, 2.165114170637245000E-016, 0.0000000000000000000 ) ) ;
#535 = ORIENTED_EDGE ( 'NONE', *, *, #53, .F. ) ;
#536 = AXIS2_PLACEMENT_3D ( 'NONE', #669, #462, #13 ) ;
#537 = DIRECTION ( 'NONE',  ( 1.000000000000000000, 0.0000000000000000000, 0.0000000000000000000 ) ) ;
#538 = EDGE_CURVE ( 'NONE', #591, #288, #564, .T. ) ;
#539 = ORIENTED_EDGE ( 'NONE', *, *, #1320, .T. ) ;
#540 = AXIS2_PLACEMENT_3D ( 'NONE', #2612, #1882, #2825 ) ;
#541 = CARTESIAN_POINT ( 'NONE',  ( 0.9248100461410775400, 0.1750000000000000200, -0.1125000000000001800 ) ) ;
#542 = CARTESIAN_POINT ( 'NONE',  ( -0.6250000000000001100, 0.5999999999999930900, 0.1124999999999997500 ) ) ;
#543 = AXIS2_PLACEMENT_3D ( 'NONE', #1079, #2247, #1796 ) ;
#544 = DIRECTION ( 'NONE',  ( -1.000000000000000000, 2.165114170637245000E-016, 0.0000000000000000000 ) ) ;
#545 = DIRECTION ( 'NONE',  ( -0.9781476007338071300, 0.2079116908177525700, 0.0000000000000000000 ) ) ;
#546 = DIRECTION ( 'NONE',  ( 1.000000000000000000, 0.0000000000000000000, 0.0000000000000000000 ) ) ;
#547 = ORIENTED_EDGE ( 'NONE', *, *, #1582, .T. ) ;
#548 = VERTEX_POINT ( 'NONE', #415 ) ;
#549 = ORIENTED_EDGE ( 'NONE', *, *, #1924, .F. ) ;
#550 = ORIENTED_EDGE ( 'NONE', *, *, #34, .F. ) ;
#551 = UNCERTAINTY_MEASURE_WITH_UNIT (LENGTH_MEASURE( 1.000000000000000100E-005 ), #282, 'distance_accuracy_value', 'NONE');
#552 = ORIENTED_EDGE ( 'NONE', *, *, #711, .T. ) ;
#553 = CARTESIAN_POINT ( 'NONE',  ( -0.6250000000000001100, 0.5999999999999930900, 0.9999999999999995600 ) ) ;
#554 = VECTOR ( 'NONE', #2788, 1000.000000000000000 ) ;
#555 = ORIENTED_EDGE ( 'NONE', *, *, #2351, .F. ) ;
#556 = EDGE_CURVE ( 'NONE', #2092, #2975, #1868, .T. ) ;
#557 = CARTESIAN_POINT ( 'NONE',  ( -0.3636077195485476500, 0.8802943725152218000, -0.7386077195485476500 ) ) ;
#558 = FACE_OUTER_BOUND ( 'NONE', #1151, .T. ) ;
#559 = VECTOR ( 'NONE', #1532, 1000.000000000000000 ) ;
#560 = DIRECTION ( 'NONE',  ( -0.1218693434051475200, 0.9925461516413219800, 0.0000000000000000000 ) ) ;
#561 = DIRECTION ( 'NONE',  ( -0.0000000000000000000, 0.0000000000000000000, 1.000000000000000000 ) ) ;
#562 = LINE ( 'NONE', #2256, #327 ) ;
#563 = LINE ( 'NONE', #425, #992 ) ;
#564 = CIRCLE ( 'NONE', #536, 0.009999999999999918700 ) ;
#565 = DIRECTION ( 'NONE',  ( -0.0000000000000000000, 0.0000000000000000000, 1.000000000000000000 ) ) ;
#566 = LINE ( 'NONE', #1721, #1310 ) ;
#567 = VECTOR ( 'NONE', #97, 1000.000000000000000 ) ;
#568 =( NAMED_UNIT ( * ) SI_UNIT ( $, .STERADIAN. ) SOLID_ANGLE_UNIT ( ) );
#569 = EDGE_LOOP ( 'NONE', ( #2870, #1820, #1739, #1050 ) ) ;
#570 = CARTESIAN_POINT ( 'NONE',  ( 0.6644188604603699100, 0.4249999999999931600, -0.7625000000000001800 ) ) ;
#571 = CARTESIAN_POINT ( 'NONE',  ( -1.050000000000000000, 0.0000000000000000000, 0.1124999999999997500 ) ) ;
#572 = DIRECTION ( 'NONE',  ( 1.000000000000000000, -2.165114170637244800E-016, 0.0000000000000000000 ) ) ;
#573 = ORIENTED_EDGE ( 'NONE', *, *, #2136, .F. ) ;
#574 = CARTESIAN_POINT ( 'NONE',  ( -0.6888725504787151000, 0.4051977922704369500, 0.7624999999999997300 ) ) ;
#575 = VERTEX_POINT ( 'NONE', #2847 ) ;
#576 = EDGE_CURVE ( 'NONE', #1904, #2230, #1309, .T. ) ;
#577 = CARTESIAN_POINT ( 'NONE',  ( -0.6644188604603699100, 0.3999999999999931400, -0.7625000000000001800 ) ) ;
#578 = EDGE_CURVE ( 'NONE', #1596, #394, #1753, .T. ) ;
#579 = EDGE_CURVE ( 'NONE', #2230, #2423, #147, .T. ) ;
#580 = CARTESIAN_POINT ( 'NONE',  ( 0.7438527400053232000, 0.1465363371987157500, -0.5375000000000002000 ) ) ;
#581 = EDGE_CURVE ( 'NONE', #2628, #2235, #2707, .T. ) ;
#582 = ADVANCED_FACE ( 'NONE', ( #2524 ), #1347, .F. ) ;
#583 = DIRECTION ( 'NONE',  ( 2.165114170637244800E-016, -1.000000000000000000, 0.0000000000000000000 ) ) ;
#584 = DIRECTION ( 'NONE',  ( 1.000000000000000000, -0.0000000000000000000, -0.0000000000000000000 ) ) ;
#585 = CARTESIAN_POINT ( 'NONE',  ( 0.9150285701337396200, 0.1829208830918224700, -0.5375000000000002000 ) ) ;
#586 = ORIENTED_EDGE ( 'NONE', *, *, #1599, .F. ) ;
#587 = AXIS2_PLACEMENT_3D ( 'NONE', #1846, #2575, #2085 ) ;
#588 = AXIS2_PLACEMENT_3D ( 'NONE', #884, #2549, #1113 ) ;
#589 = CARTESIAN_POINT ( 'NONE',  ( 0.6888725504787151000, 0.4051977922704369500, 0.1124999999999997500 ) ) ;
#590 = ORIENTED_EDGE ( 'NONE', *, *, #1777, .T. ) ;
#591 = VERTEX_POINT ( 'NONE', #1840 ) ;
#592 = ORIENTED_EDGE ( 'NONE', *, *, #1598, .T. ) ;
#593 = FILL_AREA_STYLE_COLOUR ( '', #1206 ) ;
#594 = DIRECTION ( 'NONE',  ( 1.000000000000000000, -2.165114170637244800E-016, 0.0000000000000000000 ) ) ;
#595 = ORIENTED_EDGE ( 'NONE', *, *, #1463, .T. ) ;
#596 = CARTESIAN_POINT ( 'NONE',  ( 0.5636077195485477100, 0.09999999999999310800, 0.9386077195485471600 ) ) ;
#597 = CARTESIAN_POINT ( 'NONE',  ( -0.9248100461410775400, 0.1750000000000000200, -0.1125000000000001800 ) ) ;
#598 = ADVANCED_FACE ( 'NONE', ( #1826 ), #485, .F. ) ;
#599 = AXIS2_PLACEMENT_3D ( 'NONE', #1133, #1366, #3040 ) ;
#600 = VECTOR ( 'NONE', #92, 1000.000000000000200 ) ;
#601 = DIRECTION ( 'NONE',  ( 0.0000000000000000000, 0.0000000000000000000, 1.000000000000000000 ) ) ;
#602 = DIRECTION ( 'NONE',  ( -1.000000000000000000, 2.750465538128683400E-015, 0.0000000000000000000 ) ) ;
#603 = LINE ( 'NONE', #2494, #1650 ) ;
#604 = LINE ( 'NONE', #49, #1611 ) ;
#605 = FACE_OUTER_BOUND ( 'NONE', #3064, .T. ) ;
#606 = VECTOR ( 'NONE', #1409, 1000.000000000000200 ) ;
#607 = EDGE_CURVE ( 'NONE', #2910, #2080, #2145, .T. ) ;
#608 = PLANE ( 'NONE',  #2154 ) ;
#609 = LINE ( 'NONE', #2943, #1179 ) ;
#610 = ORIENTED_EDGE ( 'NONE', *, *, #2440, .T. ) ;
#611 = MECHANICAL_DESIGN_GEOMETRIC_PRESENTATION_REPRESENTATION (  '', ( #2823 ), #1522 ) ;
#612 = CARTESIAN_POINT ( 'NONE',  ( -0.6888725504787151000, 0.4051977922704369500, -0.5375000000000002000 ) ) ;
#613 = ORIENTED_EDGE ( 'NONE', *, *, #3045, .T. ) ;
#614 = PLANE ( 'NONE',  #803 ) ;
#615 = ADVANCED_FACE ( 'NONE', ( #558 ), #522, .T. ) ;
#616 = EDGE_LOOP ( 'NONE', ( #629, #2267, #1647, #2133 ) ) ;
#617 = CARTESIAN_POINT ( 'NONE',  ( -0.9248100461410775400, 0.1850000000000000000, 0.1124999999999997500 ) ) ;
#618 = DIRECTION ( 'NONE',  ( -0.0000000000000000000, -0.0000000000000000000, -1.000000000000000000 ) ) ;
#619 = CARTESIAN_POINT ( 'NONE',  ( 0.6644188604603699100, 0.5999999999999932100, 0.1124999999999997500 ) ) ;
#620 = ORIENTED_EDGE ( 'NONE', *, *, #387, .F. ) ;
#621 = EDGE_CURVE ( 'NONE', #882, #1550, #1908, .T. ) ;
#622 = DIRECTION ( 'NONE',  ( -2.165114170637244800E-016, -1.000000000000000000, 0.0000000000000000000 ) ) ;
#623 = EDGE_CURVE ( 'NONE', #1765, #863, #325, .T. ) ;
#624 = ORIENTED_EDGE ( 'NONE', *, *, #2758, .T. ) ;
#625 = AXIS2_PLACEMENT_3D ( 'NONE', #9, #1455, #1932 ) ;
#626 = CARTESIAN_POINT ( 'NONE',  ( -0.6888725504787151000, 0.4051977922704369500, -0.5375000000000002000 ) ) ;
#627 = DIRECTION ( 'NONE',  ( -1.000000000000000000, 0.0000000000000000000, 0.0000000000000000000 ) ) ;
#628 = ADVANCED_FACE ( 'NONE', ( #1682 ), #2321, .F. ) ;
#629 = ORIENTED_EDGE ( 'NONE', *, *, #2699, .F. ) ;
#630 = AXIS2_PLACEMENT_3D ( 'NONE', #2483, #791, #284 ) ;
#631 = AXIS2_PLACEMENT_3D ( 'NONE', #1108, #1812, #633 ) ;
#632 = ORIENTED_EDGE ( 'NONE', *, *, #621, .T. ) ;
#633 = DIRECTION ( 'NONE',  ( -0.1218693434051475200, -0.9925461516413219800, 0.0000000000000000000 ) ) ;
#634 = DIRECTION ( 'NONE',  ( -1.000000000000000000, 0.0000000000000000000, 0.0000000000000000000 ) ) ;
#635 = ORIENTED_EDGE ( 'NONE', *, *, #2422, .T. ) ;
#636 = ORIENTED_EDGE ( 'NONE', *, *, #2387, .T. ) ;
#637 = ORIENTED_EDGE ( 'NONE', *, *, #408, .T. ) ;
#638 = PLANE ( 'NONE',  #664 ) ;
#639 = VECTOR ( 'NONE', #1998, 1000.000000000000000 ) ;
#640 = VECTOR ( 'NONE', #1059, 1000.000000000000200 ) ;
#641 = FACE_OUTER_BOUND ( 'NONE', #1500, .T. ) ;
#642 = FACE_OUTER_BOUND ( 'NONE', #471, .T. ) ;
#643 = LINE ( 'NONE', #22, #2479 ) ;
#644 = LINE ( 'NONE', #660, #1377 ) ;
#645 = EDGE_LOOP ( 'NONE', ( #1318, #2320, #2865, #590 ) ) ;
#646 = AXIS2_PLACEMENT_3D ( 'NONE', #888, #1587, #2759 ) ;
#647 = FACE_OUTER_BOUND ( 'NONE', #2041, .T. ) ;
#648 = LINE ( 'NONE', #473, #2109 ) ;
#649 = LINE ( 'NONE', #1634, #182 ) ;
#650 = ADVANCED_FACE ( 'NONE', ( #367 ), #1606, .F. ) ;
#651 = EDGE_LOOP ( 'NONE', ( #2467, #1412, #930, #1987 ) ) ;
#652 = EDGE_LOOP ( 'NONE', ( #2424, #1706, #454, #636 ) ) ;
#653 = PRODUCT_RELATED_PRODUCT_CATEGORY ( 'part', '', ( #1340 ) ) ;
#654 = ORIENTED_EDGE ( 'NONE', *, *, #735, .F. ) ;
#655 = CARTESIAN_POINT ( 'NONE',  ( 1.050000000000000000, 0.0000000000000000000, -0.5375000000000002000 ) ) ;
#656 = ORIENTED_EDGE ( 'NONE', *, *, #894, .T. ) ;
#657 = DIRECTION ( 'NONE',  ( 1.000000000000000000, -2.165114170637244800E-016, 0.0000000000000000000 ) ) ;
#658 =( NAMED_UNIT ( * ) PLANE_ANGLE_UNIT ( ) SI_UNIT ( $, .RADIAN. ) );
#659 = DIRECTION ( 'NONE',  ( 0.0000000000000000000, -0.0000000000000000000, -1.000000000000000000 ) ) ;
#660 = CARTESIAN_POINT ( 'NONE',  ( 0.6644188604603699100, 0.4249999999999931600, 0.7624999999999997300 ) ) ;
#661 = ORIENTED_EDGE ( 'NONE', *, *, #576, .F. ) ;
#662 = ORIENTED_EDGE ( 'NONE', *, *, #1545, .T. ) ;
#663 = ADVANCED_FACE ( 'NONE', ( #641 ), #2181, .T. ) ;
#664 = AXIS2_PLACEMENT_3D ( 'NONE', #2312, #1872, #388 ) ;
#665 = DIRECTION ( 'NONE',  ( 0.0000000000000000000, -0.0000000000000000000, -1.000000000000000000 ) ) ;
#666 = EDGE_LOOP ( 'NONE', ( #2797, #2985, #2923, #2906 ) ) ;
#667 = DIRECTION ( 'NONE',  ( -0.0000000000000000000, -0.0000000000000000000, -1.000000000000000000 ) ) ;
#668 = EDGE_CURVE ( 'NONE', #18, #1480, #1207, .T. ) ;
#669 = CARTESIAN_POINT ( 'NONE',  ( 0.9248100461410775400, 0.1850000000000000000, 0.5374999999999997600 ) ) ;
#670 = ORIENTED_EDGE ( 'NONE', *, *, #793, .F. ) ;
#671 = SURFACE_STYLE_USAGE ( .BOTH. , #1873 ) ;
#672 = CARTESIAN_POINT ( 'NONE',  ( 1.050000000000000000, 0.1749999999999999900, 0.7624999999999997300 ) ) ;
#673 = ORIENTED_EDGE ( 'NONE', *, *, #351, .T. ) ;
#674 = AXIS2_PLACEMENT_3D ( 'NONE', #2013, #2257, #91 ) ;
#675 = EDGE_LOOP ( 'NONE', ( #1321, #1602, #573, #1814 ) ) ;
#676 = ORIENTED_EDGE ( 'NONE', *, *, #750, .F. ) ;
#677 = ADVANCED_FACE ( 'NONE', ( #2853 ), #1128, .F. ) ;
#678 = PLANE ( 'NONE',  #3054 ) ;
#679 = CARTESIAN_POINT ( 'NONE',  ( -0.9248100461410775400, 0.1750000000000000400, 0.1124999999999997500 ) ) ;
#680 = SURFACE_STYLE_FILL_AREA ( #2112 ) ;
#681 = LINE ( 'NONE', #512, #2593 ) ;
#682 = SURFACE_SIDE_STYLE ('',( #496 ) ) ;
#683 = LINE ( 'NONE', #1329, #2071 ) ;
#684 = CARTESIAN_POINT ( 'NONE',  ( 0.8600483806071314000, 0.4415823381635436400, -0.5375000000000002000 ) ) ;
#685 = VECTOR ( 'NONE', #1216, 1000.000000000000000 ) ;
#686 = FACE_OUTER_BOUND ( 'NONE', #67, .T. ) ;
#687 = DIRECTION ( 'NONE',  ( 1.000000000000000000, 0.0000000000000000000, 0.0000000000000000000 ) ) ;
#688 = VECTOR ( 'NONE', #530, 1000.000000000000000 ) ;
#689 = EDGE_CURVE ( 'NONE', #2406, #2920, #399, .T. ) ;
#690 = EDGE_CURVE ( 'NONE', #2235, #2244, #2412, .T. ) ;
#691 = ORIENTED_EDGE ( 'NONE', *, *, #2727, .F. ) ;
#692 = DIRECTION ( 'NONE',  ( -0.0000000000000000000, 0.0000000000000000000, 1.000000000000000000 ) ) ;
#693 = ORIENTED_EDGE ( 'NONE', *, *, #2936, .F. ) ;
#694 = CARTESIAN_POINT ( 'NONE',  ( 0.8600483806071314000, 0.4415823381635436400, -0.7625000000000001800 ) ) ;
#695 = DIRECTION ( 'NONE',  ( 0.0000000000000000000, 0.0000000000000000000, 1.000000000000000000 ) ) ;
#696 = ADVANCED_FACE ( 'NONE', ( #1459 ), #1496, .F. ) ;
#697 = AXIS2_PLACEMENT_3D ( 'NONE', #2281, #109, #1758 ) ;
#698 = ORIENTED_EDGE ( 'NONE', *, *, #2036, .F. ) ;
#699 = DIRECTION ( 'NONE',  ( -1.000000000000000000, 0.0000000000000000000, 0.0000000000000000000 ) ) ;
#700 = ORIENTED_EDGE ( 'NONE', *, *, #249, .T. ) ;
#701 = CARTESIAN_POINT ( 'NONE',  ( 0.6644188604603699100, 0.3999999999999931400, -0.5375000000000002000 ) ) ;
#702 = ORIENTED_EDGE ( 'NONE', *, *, #690, .F. ) ;
#703 = FILL_AREA_STYLE_COLOUR ( '', #1529 ) ;
#704 = CARTESIAN_POINT ( 'NONE',  ( 0.9248100461410775400, 0.1750000000000000400, -0.7625000000000001800 ) ) ;
#705 =( GEOMETRIC_REPRESENTATION_CONTEXT ( 3 ) GLOBAL_UNCERTAINTY_ASSIGNED_CONTEXT ( ( #1678 ) ) GLOBAL_UNIT_ASSIGNED_CONTEXT ( ( #1677, #515, #777 ) ) REPRESENTATION_CONTEXT ( 'NONE', 'WORKASPACE' ) );
#706 = ORIENTED_EDGE ( 'NONE', *, *, #1483, .F. ) ;
#707 = CARTESIAN_POINT ( 'NONE',  ( -1.050000000000000000, 0.0000000000000000000, -0.7625000000000001800 ) ) ;
#708 = DIRECTION ( 'NONE',  ( 1.000000000000000000, 0.0000000000000000000, 0.0000000000000000000 ) ) ;
#709 = ADVANCED_FACE ( 'NONE', ( #2220 ), #2889, .T. ) ;
#710 = DIRECTION ( 'NONE',  ( -0.0000000000000000000, -0.0000000000000000000, -1.000000000000000000 ) ) ;
#711 = EDGE_CURVE ( 'NONE', #3021, #2458, #2994, .T. ) ;
#712 = ORIENTED_EDGE ( 'NONE', *, *, #1900, .T. ) ;
#713 = MANIFOLD_SOLID_BREP ( 'Boss-Extrude3', #2209 ) ;
#714 = ORIENTED_EDGE ( 'NONE', *, *, #1733, .F. ) ;
#715 = EDGE_LOOP ( 'NONE', ( #2122, #246, #2542, #2431 ) ) ;
#716 = CARTESIAN_POINT ( 'NONE',  ( -0.6644188604603699100, 0.4249999999999931600, 0.1124999999999997500 ) ) ;
#717 = CARTESIAN_POINT ( 'NONE',  ( -0.6035127018419917900, 0.4249999999999931100, -0.7625000000000001800 ) ) ;
#718 = VERTEX_POINT ( 'NONE', #871 ) ;
#719 = CARTESIAN_POINT ( 'NONE',  ( -0.6644188604603699100, 0.3999999999999931400, -0.5375000000000002000 ) ) ;
#720 = LINE ( 'NONE', #2016, #639 ) ;
#721 = VECTOR ( 'NONE', #167, 1000.000000000000200 ) ;
#722 = CARTESIAN_POINT ( 'NONE',  ( 0.8600483806071314000, 0.4415823381635436400, 0.1124999999999997500 ) ) ;
#723 = LINE ( 'NONE', #1847, #1424 ) ;
#724 = FACE_OUTER_BOUND ( 'NONE', #945, .T. ) ;
#725 = CIRCLE ( 'NONE', #760, 0.009999999999999918700 ) ;
#726 = LINE ( 'NONE', #849, #2250 ) ;
#727 = CARTESIAN_POINT ( 'NONE',  ( -1.050000000000000000, 0.1749999999999999900, 0.1124999999999997500 ) ) ;
#728 = VECTOR ( 'NONE', #1083, 1000.000000000000200 ) ;
#729 = VECTOR ( 'NONE', #2378, 1000.000000000000200 ) ;
#730 = FACE_OUTER_BOUND ( 'NONE', #2229, .T. ) ;
#731 = DIRECTION ( 'NONE',  ( 0.0000000000000000000, -0.0000000000000000000, -1.000000000000000000 ) ) ;
#732 = CARTESIAN_POINT ( 'NONE',  ( 0.6250000000000001100, 0.5999999999999930900, 0.1124999999999997500 ) ) ;
#733 = VERTEX_POINT ( 'NONE', #2540 ) ;
#734 = DIRECTION ( 'NONE',  ( 0.0000000000000000000, 0.0000000000000000000, 1.000000000000000000 ) ) ;
#735 = EDGE_CURVE ( 'NONE', #310, #2406, #143, .T. ) ;
#736 = ORIENTED_EDGE ( 'NONE', *, *, #2233, .F. ) ;
#737 = DIRECTION ( 'NONE',  ( 0.0000000000000000000, 0.0000000000000000000, 1.000000000000000000 ) ) ;
#738 = EDGE_CURVE ( 'NONE', #882, #2451, #443, .T. ) ;
#739 = ORIENTED_EDGE ( 'NONE', *, *, #2682, .T. ) ;
#740 = CARTESIAN_POINT ( 'NONE',  ( 0.9150285701337396200, 0.1829208830918224700, 0.1124999999999997500 ) ) ;
#741 = DIRECTION ( 'NONE',  ( 0.0000000000000000000, 0.0000000000000000000, 1.000000000000000000 ) ) ;
#742 = AXIS2_PLACEMENT_3D ( 'NONE', #983, #3060, #1222 ) ;
#743 = CARTESIAN_POINT ( 'NONE',  ( 0.6035127018419917900, 0.4249999999999931100, -0.5375000000000002000 ) ) ;
#744 = CARTESIAN_POINT ( 'NONE',  ( -0.6035127018419917900, 0.4249999999999931100, -0.1125000000000001800 ) ) ;
#745 = CARTESIAN_POINT ( 'NONE',  ( -0.6035127018419917900, 0.4249999999999931100, 0.7624999999999997300 ) ) ;
#746 = ORIENTED_EDGE ( 'NONE', *, *, #1563, .T. ) ;
#747 = CARTESIAN_POINT ( 'NONE',  ( 1.050000000000000000, 0.1749999999999999900, -0.5375000000000002000 ) ) ;
#748 = EDGE_LOOP ( 'NONE', ( #2879, #1289, #1637, #511 ) ) ;
#749 = DIRECTION ( 'NONE',  ( 1.000000000000000000, 0.0000000000000000000, 0.0000000000000000000 ) ) ;
#750 = EDGE_CURVE ( 'NONE', #268, #1976, #953, .T. ) ;
#751 = EDGE_CURVE ( 'NONE', #2057, #2623, #2781, .T. ) ;
#752 = ORIENTED_EDGE ( 'NONE', *, *, #1423, .T. ) ;
#753 = EDGE_CURVE ( 'NONE', #1142, #986, #489, .T. ) ;
#754 = PLANE ( 'NONE',  #2752 ) ;
#755 = DIRECTION ( 'NONE',  ( 0.0000000000000000000, -1.000000000000000000, 0.0000000000000000000 ) ) ;
#756 = ORIENTED_EDGE ( 'NONE', *, *, #1295, .T. ) ;
#757 = APPLICATION_PROTOCOL_DEFINITION ( 'draft international standard', 'automotive_design', 1998, #1204 ) ;
#758 = VECTOR ( 'NONE', #373, 1000.000000000000000 ) ;
#759 = AXIS2_PLACEMENT_3D ( 'NONE', #1786, #583, #1072 ) ;
#760 = AXIS2_PLACEMENT_3D ( 'NONE', #2012, #335, #2986 ) ;
#761 = PLANE ( 'NONE',  #2763 ) ;
#762 = FACE_OUTER_BOUND ( 'NONE', #1567, .T. ) ;
#763 = DIRECTION ( 'NONE',  ( -1.000000000000000000, 0.0000000000000000000, 0.0000000000000000000 ) ) ;
#764 = CYLINDRICAL_SURFACE ( 'NONE', #1964, 0.1850000000000000500 ) ;
#765 = LINE ( 'NONE', #1046, #2523 ) ;
#766 = ORIENTED_EDGE ( 'NONE', *, *, #2968, .T. ) ;
#767 = DIRECTION ( 'NONE',  ( 0.9925461516413219800, -0.1218693434051475200, 0.0000000000000000000 ) ) ;
#768 = VECTOR ( 'NONE', #479, 1000.000000000000100 ) ;
#769 = CARTESIAN_POINT ( 'NONE',  ( -0.8600483806071314000, 0.4415823381635436400, 0.1124999999999997500 ) ) ;
#770 = VECTOR ( 'NONE', #181, 1000.000000000000000 ) ;
#771 = LINE ( 'NONE', #2003, #267 ) ;
#772 = FILL_AREA_STYLE ('',( #2168 ) ) ;
#773 = ORIENTED_EDGE ( 'NONE', *, *, #23, .T. ) ;
#774 = STYLED_ITEM ( 'NONE', ( #1746 ), #713 ) ;
#775 = CARTESIAN_POINT ( 'NONE',  ( 0.6250000000000001100, 0.5999999999999930900, 0.9999999999999995600 ) ) ;
#776 = EDGE_LOOP ( 'NONE', ( #1090, #752, #624, #1605, #1405, #306, #2206, #509, #1234, #539, #2441, #1194 ) ) ;
#777 =( NAMED_UNIT ( * ) SI_UNIT ( $, .STERADIAN. ) SOLID_ANGLE_UNIT ( ) );
#778 = EDGE_CURVE ( 'NONE', #1478, #2517, #1651, .T. ) ;
#779 = VERTEX_POINT ( 'NONE', #684 ) ;
#780 = EDGE_CURVE ( 'NONE', #898, #986, #2553, .T. ) ;
#781 = DIRECTION ( 'NONE',  ( 0.0000000000000000000, -0.9925461516413219800, -0.1218693434051477400 ) ) ;
#782 = AXIS2_PLACEMENT_3D ( 'NONE', #2706, #2917, #1967 ) ;
#783 = PLANE ( 'NONE',  #1145 ) ;
#784 = EDGE_LOOP ( 'NONE', ( #1556, #1931, #2846, #3084 ) ) ;
#785 = CARTESIAN_POINT ( 'NONE',  ( 0.6035127018419917900, 0.4249999999999931100, 0.1124999999999997500 ) ) ;
#786 = ORIENTED_EDGE ( 'NONE', *, *, #1376, .T. ) ;
#787 = ORIENTED_EDGE ( 'NONE', *, *, #1047, .T. ) ;
#788 = VERTEX_POINT ( 'NONE', #2121 ) ;
#789 = PLANE ( 'NONE',  #2124 ) ;
#790 = ORIENTED_EDGE ( 'NONE', *, *, #2421, .T. ) ;
#791 = DIRECTION ( 'NONE',  ( 0.0000000000000000000, 0.0000000000000000000, 1.000000000000000000 ) ) ;
#792 = EDGE_CURVE ( 'NONE', #1371, #1783, #907, .T. ) ;
#793 = EDGE_CURVE ( 'NONE', #2571, #2785, #723, .T. ) ;
#794 = CARTESIAN_POINT ( 'NONE',  ( 1.050000000000000000, 0.0000000000000000000, 0.7624999999999997300 ) ) ;
#795 = ORIENTED_EDGE ( 'NONE', *, *, #457, .F. ) ;
#796 = VECTOR ( 'NONE', #3059, 1000.000000000000000 ) ;
#797 = VERTEX_POINT ( 'NONE', #2603 ) ;
#798 = FACE_OUTER_BOUND ( 'NONE', #1660, .T. ) ;
#799 = VECTOR ( 'NONE', #2306, 1000.000000000000000 ) ;
#800 = VECTOR ( 'NONE', #126, 1000.000000000000000 ) ;
#801 = VECTOR ( 'NONE', #1943, 1000.000000000000000 ) ;
#802 = VECTOR ( 'NONE', #2880, 1000.000000000000000 ) ;
#803 = AXIS2_PLACEMENT_3D ( 'NONE', #2974, #1290, #2008 ) ;
#804 = DIRECTION ( 'NONE',  ( -0.0000000000000000000, -0.0000000000000000000, -1.000000000000000000 ) ) ;
#805 = CIRCLE ( 'NONE', #210, 0.009999999999999918700 ) ;
#806 = FACE_OUTER_BOUND ( 'NONE', #74, .T. ) ;
#807 = CARTESIAN_POINT ( 'NONE',  ( 0.6644188604603699100, 0.3999999999999931400, -0.1125000000000001800 ) ) ;
#808 = FILL_AREA_STYLE_COLOUR ( '', #2893 ) ;
#809 = CARTESIAN_POINT ( 'NONE',  ( 0.9248100461410775400, 0.1750000000000000400, 0.7624999999999997300 ) ) ;
#810 = VERTEX_POINT ( 'NONE', #942 ) ;
#811 = ORIENTED_EDGE ( 'NONE', *, *, #3045, .F. ) ;
#812 = STYLED_ITEM ( 'NONE', ( #1174 ), #470 ) ;
#813 = DIRECTION ( 'NONE',  ( 0.0000000000000000000, -0.1218693434051477400, 0.9925461516413219800 ) ) ;
#814 = MANIFOLD_SOLID_BREP ( 'Mirror1[1]', #1935 ) ;
#815 = CARTESIAN_POINT ( 'NONE',  ( -0.3636077195485476500, 1.049999999999993200, -0.6786077195485475900 ) ) ;
#816 = CARTESIAN_POINT ( 'NONE',  ( 0.9248100461410775400, 0.1750000000000000400, 0.1124999999999997500 ) ) ;
#817 = ORIENTED_EDGE ( 'NONE', *, *, #1401, .T. ) ;
#818 = AXIS2_PLACEMENT_3D ( 'NONE', #1461, #24, #1934 ) ;
#819 = CARTESIAN_POINT ( 'NONE',  ( -0.9248100461410775400, 0.1750000000000000200, -0.7625000000000001800 ) ) ;
#820 = DIRECTION ( 'NONE',  ( 1.000000000000000000, 0.0000000000000000000, 0.0000000000000000000 ) ) ;
#821 = VERTEX_POINT ( 'NONE', #2576 ) ;
#822 = CARTESIAN_POINT ( 'NONE',  ( -1.050000000000000000, 0.1749999999999999900, 0.7624999999999997300 ) ) ;
#823 = CARTESIAN_POINT ( 'NONE',  ( 0.9150285701337396200, 0.1829208830918224700, 0.7624999999999997300 ) ) ;
#824 = VERTEX_POINT ( 'NONE', #437 ) ;
#825 = VERTEX_POINT ( 'NONE', #3052 ) ;
#826 = ADVANCED_FACE ( 'NONE', ( #2189 ), #2829, .F. ) ;
#827 = DIRECTION ( 'NONE',  ( 0.1218693434051477400, -0.9925461516413219800, 0.0000000000000000000 ) ) ;
#828 = ORIENTED_EDGE ( 'NONE', *, *, #3072, .T. ) ;
#829 = AXIS2_PLACEMENT_3D ( 'NONE', #1635, #2360, #1131 ) ;
#830 = ORIENTED_EDGE ( 'NONE', *, *, #248, .T. ) ;
#831 = ORIENTED_EDGE ( 'NONE', *, *, #408, .F. ) ;
#832 = EDGE_CURVE ( 'NONE', #244, #2569, #1917, .T. ) ;
#833 = PLANE ( 'NONE',  #924 ) ;
#834 = FACE_OUTER_BOUND ( 'NONE', #1708, .T. ) ;
#835 = EDGE_CURVE ( 'NONE', #2616, #60, #1616, .T. ) ;
#836 = CARTESIAN_POINT ( 'NONE',  ( 0.5636077195485476000, 1.099999999999993200, -0.9386077195485476000 ) ) ;
#837 = CYLINDRICAL_SURFACE ( 'NONE', #2017, 0.06000000000000004600 ) ;
#838 = CARTESIAN_POINT ( 'NONE',  ( -0.6035127018419917900, 0.4249999999999931100, -0.7625000000000001800 ) ) ;
#839 = CARTESIAN_POINT ( 'NONE',  ( -0.9248100461410775400, 0.1850000000000000000, -0.5375000000000002000 ) ) ;
#840 = VECTOR ( 'NONE', #1914, 1000.000000000000000 ) ;
#841 = VECTOR ( 'NONE', #2620, 1000.000000000000000 ) ;
#842 = CARTESIAN_POINT ( 'NONE',  ( -0.9248100461410775400, 0.1750000000000000200, -0.5375000000000002000 ) ) ;
#843 = VECTOR ( 'NONE', #213, 1000.000000000000000 ) ;
#844 = LINE ( 'NONE', #1044, #567 ) ;
#845 = CIRCLE ( 'NONE', #1561, 0.02499999999999995600 ) ;
#846 = PLANE ( 'NONE',  #1021 ) ;
#847 = CARTESIAN_POINT ( 'NONE',  ( -0.8600483806071314000, 0.4415823381635436400, -0.5375000000000002000 ) ) ;
#848 = ORIENTED_EDGE ( 'NONE', *, *, #2872, .T. ) ;
#849 = CARTESIAN_POINT ( 'NONE',  ( -0.6035127018419917900, 0.4249999999999931100, 0.1124999999999997500 ) ) ;
#850 =( LENGTH_UNIT ( ) NAMED_UNIT ( * ) SI_UNIT ( .MILLI., .METRE. ) );
#851 = DIRECTION ( 'NONE',  ( 0.0000000000000000000, 0.0000000000000000000, 1.000000000000000000 ) ) ;
#852 = ORIENTED_EDGE ( 'NONE', *, *, #878, .F. ) ;
#853 = DIRECTION ( 'NONE',  ( -1.000000000000000000, 0.0000000000000000000, 0.0000000000000000000 ) ) ;
#854 = VERTEX_POINT ( 'NONE', #1153 ) ;
#855 = EDGE_LOOP ( 'NONE', ( #1513, #698, #2976, #549, #2712, #196, #897, #1286, #1255, #2775, #1808, #2009 ) ) ;
#856 = EDGE_CURVE ( 'NONE', #1595, #824, #1686, .T. ) ;
#857 = DIRECTION ( 'NONE',  ( 0.0000000000000000000, -0.0000000000000000000, -1.000000000000000000 ) ) ;
#858 = EDGE_CURVE ( 'NONE', #1504, #2476, #2678, .T. ) ;
#859 = EDGE_LOOP ( 'NONE', ( #2488, #1158, #2453, #3046 ) ) ;
#860 = DIRECTION ( 'NONE',  ( -0.0000000000000000000, -0.0000000000000000000, -1.000000000000000000 ) ) ;
#861 = DIRECTION ( 'NONE',  ( -1.000000000000000000, -2.165114170637245000E-016, 0.0000000000000000000 ) ) ;
#862 = DIRECTION ( 'NONE',  ( 1.000000000000000000, 0.0000000000000000000, -0.0000000000000000000 ) ) ;
#863 = VERTEX_POINT ( 'NONE', #2152 ) ;
#864 = ADVANCED_FACE ( 'NONE', ( #2673 ), #463, .F. ) ;
#865 = DIRECTION ( 'NONE',  ( -0.0000000000000000000, -0.0000000000000000000, -1.000000000000000000 ) ) ;
#866 = VERTEX_POINT ( 'NONE', #1180 ) ;
#867 = CARTESIAN_POINT ( 'NONE',  ( 0.6250000000000001100, 0.5999999999999930900, -0.1125000000000001800 ) ) ;
#868 = DIRECTION ( 'NONE',  ( -0.2079116908177525400, 0.9781476007338070200, 0.0000000000000000000 ) ) ;
#869 = CARTESIAN_POINT ( 'NONE',  ( -1.050000000000000000, 0.1749999999999999900, 0.5374999999999997600 ) ) ;
#870 = ORIENTED_EDGE ( 'NONE', *, *, #1423, .F. ) ;
#871 = CARTESIAN_POINT ( 'NONE',  ( -0.9248100461410775400, 0.1750000000000000400, -0.1125000000000001800 ) ) ;
#872 = ORIENTED_EDGE ( 'NONE', *, *, #2514, .T. ) ;
#873 = AXIS2_PLACEMENT_3D ( 'NONE', #1152, #1380, #2374 ) ;
#874 = CARTESIAN_POINT ( 'NONE',  ( 0.6035127018419917900, 0.4249999999999931100, -0.1125000000000001800 ) ) ;
#875 = PRESENTATION_STYLE_ASSIGNMENT (( #330 ) ) ;
#876 = LINE ( 'NONE', #679, #1720 ) ;
#877 = VECTOR ( 'NONE', #2715, 1000.000000000000000 ) ;
#878 = EDGE_CURVE ( 'NONE', #2230, #319, #1468, .T. ) ;
#879 = DIRECTION ( 'NONE',  ( 0.1218693434051475200, -0.9925461516413219800, 0.0000000000000000000 ) ) ;
#880 = CIRCLE ( 'NONE', #1294, 0.009999999999999918700 ) ;
#881 = DIRECTION ( 'NONE',  ( 1.000000000000000000, -2.750465538128683400E-015, 0.0000000000000000000 ) ) ;
#882 = VERTEX_POINT ( 'NONE', #1669 ) ;
#883 = AXIS2_PLACEMENT_3D ( 'NONE', #577, #1770, #1761 ) ;
#884 = CARTESIAN_POINT ( 'NONE',  ( -0.6644188604603699100, 0.3999999999999931400, 0.7624999999999997300 ) ) ;
#885 = ORIENTED_EDGE ( 'NONE', *, *, #960, .F. ) ;
#886 = CARTESIAN_POINT ( 'NONE',  ( -0.8600483806071314000, 0.4415823381635436400, -0.7625000000000001800 ) ) ;
#887 = ORIENTED_EDGE ( 'NONE', *, *, #409, .F. ) ;
#888 = CARTESIAN_POINT ( 'NONE',  ( 0.6035127018419917900, 0.4249999999999931100, -0.5375000000000002000 ) ) ;
#889 = DIRECTION ( 'NONE',  ( -0.0000000000000000000, -0.0000000000000000000, -1.000000000000000000 ) ) ;
#890 = ORIENTED_EDGE ( 'NONE', *, *, #131, .T. ) ;
#891 = DIRECTION ( 'NONE',  ( -0.1218693434051475200, 0.9925461516413219800, 0.0000000000000000000 ) ) ;
#892 = VERTEX_POINT ( 'NONE', #1430 ) ;
#893 = CARTESIAN_POINT ( 'NONE',  ( 0.9248100461410775400, 0.1850000000000000000, 0.1124999999999997500 ) ) ;
#894 = EDGE_CURVE ( 'NONE', #2167, #2650, #1793, .T. ) ;
#895 = ORIENTED_EDGE ( 'NONE', *, *, #1697, .F. ) ;
#896 = AXIS2_PLACEMENT_3D ( 'NONE', #1961, #2443, #2921 ) ;
#897 = ORIENTED_EDGE ( 'NONE', *, *, #2658, .F. ) ;
#898 = VERTEX_POINT ( 'NONE', #2162 ) ;
#899 = CARTESIAN_POINT ( 'NONE',  ( 0.8600483806071314000, 0.4415823381635436400, 0.7624999999999997300 ) ) ;
#900 = ADVANCED_FACE ( 'NONE', ( #605 ), #1198, .F. ) ;
#901 = DIRECTION ( 'NONE',  ( -0.0000000000000000000, 0.0000000000000000000, 1.000000000000000000 ) ) ;
#902 = EDGE_LOOP ( 'NONE', ( #3027, #2460, #848, #449 ) ) ;
#903 = DIRECTION ( 'NONE',  ( 0.0000000000000000000, -0.0000000000000000000, 1.000000000000000000 ) ) ;
#904 = DIRECTION ( 'NONE',  ( -0.0000000000000000000, -0.0000000000000000000, -1.000000000000000000 ) ) ;
#905 = DIRECTION ( 'NONE',  ( 0.0000000000000000000, 1.000000000000000000, 0.0000000000000000000 ) ) ;
#906 = FACE_OUTER_BOUND ( 'NONE', #1751, .T. ) ;
#907 = LINE ( 'NONE', #2140, #2740 ) ;
#908 = ORIENTED_EDGE ( 'NONE', *, *, #333, .T. ) ;
#909 = EDGE_CURVE ( 'NONE', #2517, #1710, #2899, .T. ) ;
#910 = VECTOR ( 'NONE', #2812, 1000.000000000000000 ) ;
#911 = VECTOR ( 'NONE', #2278, 1000.000000000000200 ) ;
#912 = CIRCLE ( 'NONE', #818, 0.02499999999999995600 ) ;
#913 = ORIENTED_EDGE ( 'NONE', *, *, #2774, .T. ) ;
#914 = AXIS2_PLACEMENT_3D ( 'NONE', #957, #2625, #1193 ) ;
#915 = EDGE_CURVE ( 'NONE', #2696, #2751, #174, .T. ) ;
#916 = FACE_OUTER_BOUND ( 'NONE', #1631, .T. ) ;
#917 = CARTESIAN_POINT ( 'NONE',  ( -0.6035127018419917900, 0.4249999999999931100, -0.1125000000000001800 ) ) ;
#918 = LINE ( 'NONE', #157, #499 ) ;
#919 = FACE_OUTER_BOUND ( 'NONE', #1034, .T. ) ;
#920 = SURFACE_STYLE_USAGE ( .BOTH. , #682 ) ;
#921 = DIRECTION ( 'NONE',  ( 0.9781476007338070200, -0.2079116908177530400, 0.0000000000000000000 ) ) ;
#922 = CLOSED_SHELL ( 'NONE', ( #391, #2615, #2979, #2385, #352, #2284, #1585, #3080, #709, #1842, #677, #2364, #1147, #1537 ) ) ;
#923 = ADVANCED_FACE ( 'NONE', ( #762 ), #2672, .T. ) ;
#924 = AXIS2_PLACEMENT_3D ( 'NONE', #2954, #1512, #2274 ) ;
#925 = STYLED_ITEM ( 'NONE', ( #1211 ), #2014 ) ;
#926 = ORIENTED_EDGE ( 'NONE', *, *, #2010, .T. ) ;
#927 = CARTESIAN_POINT ( 'NONE',  ( 0.9248100461410775400, 2.710505431213761100E-017, -0.5375000000000002000 ) ) ;
#928 = EDGE_LOOP ( 'NONE', ( #2307, #714 ) ) ;
#929 = CARTESIAN_POINT ( 'NONE',  ( 0.6644188604603699100, 0.3999999999999931400, 0.7624999999999997300 ) ) ;
#930 = ORIENTED_EDGE ( 'NONE', *, *, #1926, .F. ) ;
#931 = CARTESIAN_POINT ( 'NONE',  ( 0.5636077195485476000, 0.09999999999999310800, -0.9386077195485476000 ) ) ;
#932 = DIRECTION ( 'NONE',  ( 0.0000000000000000000, -0.0000000000000000000, -1.000000000000000000 ) ) ;
#933 = AXIS2_PLACEMENT_3D ( 'NONE', #1819, #1112, #148 ) ;
#934 =( NAMED_UNIT ( * ) PLANE_ANGLE_UNIT ( ) SI_UNIT ( $, .RADIAN. ) );
#935 = CARTESIAN_POINT ( 'NONE',  ( 0.6035127018419917900, 0.4249999999999931100, -0.1125000000000001800 ) ) ;
#936 = ORIENTED_EDGE ( 'NONE', *, *, #915, .F. ) ;
#937 = EDGE_CURVE ( 'NONE', #1603, #810, #648, .T. ) ;
#938 = ADVANCED_FACE ( 'NONE', ( #1175 ), #1666, .F. ) ;
#939 = DIRECTION ( 'NONE',  ( 0.1218693434051475200, 0.9925461516413219800, 0.0000000000000000000 ) ) ;
#940 = EDGE_CURVE ( 'NONE', #2458, #575, #103, .T. ) ;
#941 = DIRECTION ( 'NONE',  ( 0.1218693434051475200, 0.9925461516413219800, 0.0000000000000000000 ) ) ;
#942 = CARTESIAN_POINT ( 'NONE',  ( -0.9248100461410775400, 2.710505431213761100E-017, 0.1124999999999997500 ) ) ;
#943 = DIRECTION ( 'NONE',  ( -0.2079116908177525400, 0.9781476007338070200, 0.0000000000000000000 ) ) ;
#944 = EDGE_LOOP ( 'NONE', ( #2368, #1973, #2685, #1577, #1791, #1071, #2633, #2728, #10, #2160, #2164, #2652 ) ) ;
#945 = EDGE_LOOP ( 'NONE', ( #1759, #1816, #41, #1950 ) ) ;
#946 = AXIS2_PLACEMENT_3D ( 'NONE', #2411, #1235, #2236 ) ;
#947 = ORIENTED_EDGE ( 'NONE', *, *, #1173, .T. ) ;
#948 = DIRECTION ( 'NONE',  ( 0.0000000000000000000, -0.0000000000000000000, -1.000000000000000000 ) ) ;
#949 = FACE_OUTER_BOUND ( 'NONE', #1326, .T. ) ;
#950 = VERTEX_POINT ( 'NONE', #989 ) ;
#951 = CARTESIAN_POINT ( 'NONE',  ( -0.8600483806071314000, 0.4415823381635436400, -0.7625000000000001800 ) ) ;
#952 = DIRECTION ( 'NONE',  ( -0.0000000000000000000, -0.0000000000000000000, -1.000000000000000000 ) ) ;
#953 = LINE ( 'NONE', #716, #2810 ) ;
#954 = CARTESIAN_POINT ( 'NONE',  ( 0.6888725504787151000, 0.4051977922704369500, 0.7624999999999997300 ) ) ;
#955 = VECTOR ( 'NONE', #534, 1000.000000000000000 ) ;
#956 = LINE ( 'NONE', #1676, #65 ) ;
#957 = CARTESIAN_POINT ( 'NONE',  ( 0.9248100461410775400, 0.1850000000000000000, -0.1125000000000001800 ) ) ;
#958 = CIRCLE ( 'NONE', #313, 0.06000000000000004600 ) ;
#959 = EDGE_CURVE ( 'NONE', #2459, #1357, #2595, .T. ) ;
#960 = EDGE_CURVE ( 'NONE', #96, #2080, #1754, .T. ) ;
#961 = CARTESIAN_POINT ( 'NONE',  ( 0.9248100461410775400, 0.1850000000000000000, -0.5375000000000002000 ) ) ;
#962 = VERTEX_POINT ( 'NONE', #1657 ) ;
#963 = DIRECTION ( 'NONE',  ( -1.000000000000000000, 0.0000000000000000000, 0.0000000000000000000 ) ) ;
#964 = ORIENTED_EDGE ( 'NONE', *, *, #2421, .F. ) ;
#965 = DIRECTION ( 'NONE',  ( 1.000000000000000000, 0.0000000000000000000, 0.0000000000000000000 ) ) ;
#966 = CARTESIAN_POINT ( 'NONE',  ( 0.5957304417608545500, 0.3616185779066144500, -0.9707304417608544300 ) ) ;
#967 =( GEOMETRIC_REPRESENTATION_CONTEXT ( 3 ) GLOBAL_UNCERTAINTY_ASSIGNED_CONTEXT ( ( #2560 ) ) GLOBAL_UNIT_ASSIGNED_CONTEXT ( ( #1308, #359, #568 ) ) REPRESENTATION_CONTEXT ( 'NONE', 'WORKASPACE' ) );
#968 = AXIS2_PLACEMENT_3D ( 'NONE', #961, #3057, #708 ) ;
#969 = ORIENTED_EDGE ( 'NONE', *, *, #2276, .F. ) ;
#970 = DIRECTION ( 'NONE',  ( -0.9781476007338070200, -0.2079116908177530400, 0.0000000000000000000 ) ) ;
#971 = CARTESIAN_POINT ( 'NONE',  ( -0.9248100461410775400, 0.1850000000000000000, 0.5374999999999997600 ) ) ;
#972 = EDGE_LOOP ( 'NONE', ( #2060, #2115, #1843, #2824 ) ) ;
#973 = ADVANCED_FACE ( 'NONE', ( #1954 ), #243, .F. ) ;
#974 = APPLICATION_PROTOCOL_DEFINITION ( 'draft international standard', 'automotive_design', 1998, #1958 ) ;
#975 = CARTESIAN_POINT ( 'NONE',  ( 0.9248100461410775400, 0.1850000000000000000, 0.7624999999999997300 ) ) ;
#976 = DIRECTION ( 'NONE',  ( 0.0000000000000000000, 0.9925461516413219800, -0.1218693434051477400 ) ) ;
#977 = AXIS2_PLACEMENT_3D ( 'NONE', #1429, #2316, #1832 ) ;
#978 = CARTESIAN_POINT ( 'NONE',  ( -0.6035127018419917900, 0.4249999999999931100, -0.7625000000000001800 ) ) ;
#979 = DIRECTION ( 'NONE',  ( -0.0000000000000000000, -0.0000000000000000000, -1.000000000000000000 ) ) ;
#980 = ORIENTED_EDGE ( 'NONE', *, *, #1339, .T. ) ;
#981 = ORIENTED_EDGE ( 'NONE', *, *, #2032, .F. ) ;
#982 = AXIS2_PLACEMENT_3D ( 'NONE', #1404, #2338, #3041 ) ;
#983 = CARTESIAN_POINT ( 'NONE',  ( 0.9248100461410775400, 0.1850000000000000000, 0.1124999999999997500 ) ) ;
#984 = CARTESIAN_POINT ( 'NONE',  ( 0.9248100461410775400, 0.1750000000000000400, -0.5375000000000002000 ) ) ;
#985 = CARTESIAN_POINT ( 'NONE',  ( -0.8600483806071314000, 0.4415823381635436400, -0.1125000000000001800 ) ) ;
#986 = VERTEX_POINT ( 'NONE', #707 ) ;
#987 = FACE_OUTER_BOUND ( 'NONE', #1695, .T. ) ;
#988 = VECTOR ( 'NONE', #204, 1000.000000000000000 ) ;
#989 = CARTESIAN_POINT ( 'NONE',  ( 0.9248100461410775400, 0.1750000000000000400, -0.1125000000000001800 ) ) ;
#990 = VECTOR ( 'NONE', #290, 1000.000000000000000 ) ;
#991 = FACE_OUTER_BOUND ( 'NONE', #776, .T. ) ;
#992 = VECTOR ( 'NONE', #2390, 1000.000000000000000 ) ;
#993 =( NAMED_UNIT ( * ) SI_UNIT ( $, .STERADIAN. ) SOLID_ANGLE_UNIT ( ) );
#994 = LINE ( 'NONE', #626, #728 ) ;
#995 = LINE ( 'NONE', #1245, #1539 ) ;
#996 = FACE_OUTER_BOUND ( 'NONE', #1419, .T. ) ;
#997 = MECHANICAL_DESIGN_GEOMETRIC_PRESENTATION_REPRESENTATION (  '', ( #774 ), #1099 ) ;
#998 = DIRECTION ( 'NONE',  ( 0.0000000000000000000, -0.0000000000000000000, -1.000000000000000000 ) ) ;
#999 = EDGE_CURVE ( 'NONE', #2093, #2975, #2820, .T. ) ;
#1000 = DIRECTION ( 'NONE',  ( 1.000000000000000000, -2.750465538128683400E-015, 0.0000000000000000000 ) ) ;
#1001 = ORIENTED_EDGE ( 'NONE', *, *, #1723, .F. ) ;
#1002 = DIRECTION ( 'NONE',  ( -0.0000000000000000000, -0.0000000000000000000, -1.000000000000000000 ) ) ;
#1003 = EDGE_CURVE ( 'NONE', #1393, #1596, #180, .T. ) ;
#1004 = EDGE_LOOP ( 'NONE', ( #189, #1980, #55, #673 ) ) ;
#1005 =( NAMED_UNIT ( * ) PLANE_ANGLE_UNIT ( ) SI_UNIT ( $, .RADIAN. ) );
#1006 = DIRECTION ( 'NONE',  ( -2.165114170637244800E-016, -1.000000000000000000, 0.0000000000000000000 ) ) ;
#1007 = EDGE_LOOP ( 'NONE', ( #1001, #1408, #766, #1265 ) ) ;
#1008 = ORIENTED_EDGE ( 'NONE', *, *, #1470, .T. ) ;
#1009 = AXIS2_PLACEMENT_3D ( 'NONE', #2876, #2868, #231 ) ;
#1010 = CARTESIAN_POINT ( 'NONE',  ( 1.050000000000000000, 0.1749999999999999900, 0.1124999999999997500 ) ) ;
#1011 =( NAMED_UNIT ( * ) PLANE_ANGLE_UNIT ( ) SI_UNIT ( $, .RADIAN. ) );
#1012 = VERTEX_POINT ( 'NONE', #2144 ) ;
#1013 = EDGE_CURVE ( 'NONE', #334, #825, #2262, .T. ) ;
#1014 = EDGE_CURVE ( 'NONE', #854, #1654, #2329, .T. ) ;
#1015 = DIRECTION ( 'NONE',  ( 0.0000000000000000000, 0.9925461516413219800, 0.1218693434051477400 ) ) ;
#1016 = FILL_AREA_STYLE ('',( #2692 ) ) ;
#1017 = EDGE_LOOP ( 'NONE', ( #2978, #2972, #2510, #2760 ) ) ;
#1018 = ORIENTED_EDGE ( 'NONE', *, *, #128, .F. ) ;
#1019 = VECTOR ( 'NONE', #3101, 1000.000000000000000 ) ;
#1020 = AXIS2_PLACEMENT_3D ( 'NONE', #1727, #2694, #1962 ) ;
#1021 = AXIS2_PLACEMENT_3D ( 'NONE', #589, #2726, #2311 ) ;
#1022 = ORIENTED_EDGE ( 'NONE', *, *, #1441, .T. ) ;
#1023 = DIRECTION ( 'NONE',  ( 0.1218693434051475200, -0.9925461516413219800, 0.0000000000000000000 ) ) ;
#1024 = LINE ( 'NONE', #46, #2218 ) ;
#1025 = LINE ( 'NONE', #2993, #799 ) ;
#1026 = DIRECTION ( 'NONE',  ( -2.750465538128683400E-015, -1.000000000000000000, 0.0000000000000000000 ) ) ;
#1027 = CARTESIAN_POINT ( 'NONE',  ( -0.3636077195485476500, 1.049999999999993200, -0.7386077195485476500 ) ) ;
#1028 = LINE ( 'NONE', #2659, #1575 ) ;
#1029 = FACE_OUTER_BOUND ( 'NONE', #129, .T. ) ;
#1030 = VECTOR ( 'NONE', #1418, 1000.000000000000000 ) ;
#1031 = PLANE ( 'NONE',  #2302 ) ;
#1032 = ORIENTED_EDGE ( 'NONE', *, *, #2725, .T. ) ;
#1033 = PLANE ( 'NONE',  #782 ) ;
#1034 = EDGE_LOOP ( 'NONE', ( #1292, #1095, #173, #1901 ) ) ;
#1035 = EDGE_CURVE ( 'NONE', #275, #2757, #332, .T. ) ;
#1036 = CARTESIAN_POINT ( 'NONE',  ( -0.9248100461410775400, 0.1750000000000000200, 0.7624999999999997300 ) ) ;
#1037 = ORIENTED_EDGE ( 'NONE', *, *, #1850, .F. ) ;
#1038 = CARTESIAN_POINT ( 'NONE',  ( -0.6644188604603699100, 0.4249999999999931600, 0.7624999999999997300 ) ) ;
#1039 = AXIS2_PLACEMENT_3D ( 'NONE', #1737, #2288, #572 ) ;
#1040 = DIRECTION ( 'NONE',  ( -0.0000000000000000000, -0.0000000000000000000, -1.000000000000000000 ) ) ;
#1041 = CARTESIAN_POINT ( 'NONE',  ( -0.6644188604603699100, 0.5999999999999932100, -0.5375000000000002000 ) ) ;
#1042 = DIRECTION ( 'NONE',  ( -1.000000000000000000, -2.165114170637245000E-016, 0.0000000000000000000 ) ) ;
#1043 = ORIENTED_EDGE ( 'NONE', *, *, #429, .T. ) ;
#1044 = CARTESIAN_POINT ( 'NONE',  ( 1.050000000000000000, 0.1749999999999999900, -0.5375000000000002000 ) ) ;
#1045 = ORIENTED_EDGE ( 'NONE', *, *, #621, .F. ) ;
#1046 = CARTESIAN_POINT ( 'NONE',  ( -0.8600483806071314000, 0.4415823381635436400, -0.5375000000000002000 ) ) ;
#1047 = EDGE_CURVE ( 'NONE', #810, #2512, #38, .T. ) ;
#1048 = PLANE ( 'NONE',  #1191 ) ;
#1049 = EDGE_LOOP ( 'NONE', ( #1521, #654, #2139, #2915 ) ) ;
#1050 = ORIENTED_EDGE ( 'NONE', *, *, #1014, .F. ) ;
#1051 = VECTOR ( 'NONE', #1166, 1000.000000000000000 ) ;
#1052 = ORIENTED_EDGE ( 'NONE', *, *, #2172, .F. ) ;
#1053 = VECTOR ( 'NONE', #659, 1000.000000000000000 ) ;
#1054 = LINE ( 'NONE', #1273, #1210 ) ;
#1055 = LINE ( 'NONE', #571, #1613 ) ;
#1056 = AXIS2_PLACEMENT_3D ( 'NONE', #1208, #14, #2639 ) ;
#1057 = CARTESIAN_POINT ( 'NONE',  ( 0.6035127018419917900, 0.4249999999999931100, 0.1124999999999997500 ) ) ;
#1058 = LINE ( 'NONE', #2182, #1996 ) ;
#1059 = DIRECTION ( 'NONE',  ( 0.2079116908177525400, 0.9781476007338070200, -0.0000000000000000000 ) ) ;
#1060 = CYLINDRICAL_SURFACE ( 'NONE', #1844, 0.02499999999999995600 ) ;
#1061 = VECTOR ( 'NONE', #1571, 1000.000000000000200 ) ;
#1062 = VECTOR ( 'NONE', #1700, 1000.000000000000000 ) ;
#1063 = DIRECTION ( 'NONE',  ( -5.421010862427523400E-017, 0.0000000000000000000, 1.000000000000000000 ) ) ;
#1064 = CARTESIAN_POINT ( 'NONE',  ( 0.9248100461410775400, 2.710505431213761100E-017, 0.7624999999999997300 ) ) ;
#1065 = ORIENTED_EDGE ( 'NONE', *, *, #35, .T. ) ;
#1067 = EDGE_CURVE ( 'NONE', #2318, #2951, #1277, .T. ) ;
#1066 = ORIENTED_EDGE ( 'NONE', *, *, #1924, .T. ) ;
#1068 = EDGE_CURVE ( 'NONE', #1524, #2801, #566, .T. ) ;
#1069 = CARTESIAN_POINT ( 'NONE',  ( -0.6888725504787151000, 0.4051977922704369500, 0.5374999999999997600 ) ) ;
#1070 = EDGE_CURVE ( 'NONE', #1171, #548, #69, .T. ) ;
#1071 = ORIENTED_EDGE ( 'NONE', *, *, #1953, .F. ) ;
#1072 = DIRECTION ( 'NONE',  ( 1.000000000000000000, 2.165114170637244800E-016, 0.0000000000000000000 ) ) ;
#1073 = DIRECTION ( 'NONE',  ( 0.2079116908177530100, 0.9781476007338069100, 0.0000000000000000000 ) ) ;
#1074 = DIRECTION ( 'NONE',  ( 0.1218693434051475200, 0.9925461516413219800, 0.0000000000000000000 ) ) ;
#1075 = DIRECTION ( 'NONE',  ( 0.0000000000000000000, -0.0000000000000000000, -1.000000000000000000 ) ) ;
#1076 = EDGE_LOOP ( 'NONE', ( #361, #1155, #434, #2663 ) ) ;
#1077 = PRESENTATION_LAYER_ASSIGNMENT (  '', '', ( #2461 ) ) ;
#1078 =( GEOMETRIC_REPRESENTATION_CONTEXT ( 3 ) GLOBAL_UNCERTAINTY_ASSIGNED_CONTEXT ( ( #3022 ) ) GLOBAL_UNIT_ASSIGNED_CONTEXT ( ( #850, #1313, #1518 ) ) REPRESENTATION_CONTEXT ( 'NONE', 'WORKASPACE' ) );
#1079 = CARTESIAN_POINT ( 'NONE',  ( 0.9248100461410775400, 0.1850000000000000000, -0.5375000000000002000 ) ) ;
#1080 = DIRECTION ( 'NONE',  ( -0.0000000000000000000, -0.0000000000000000000, -1.000000000000000000 ) ) ;
#1081 = VERTEX_POINT ( 'NONE', #1202 ) ;
#1082 = EDGE_LOOP ( 'NONE', ( #2352, #378, #2083, #2611 ) ) ;
#1083 = DIRECTION ( 'NONE',  ( 0.2079116908177525400, 0.9781476007338070200, -0.0000000000000000000 ) ) ;
#1084 = DIRECTION ( 'NONE',  ( -0.2079116908177530100, -0.9781476007338069100, 0.0000000000000000000 ) ) ;
#1085 = ORIENTED_EDGE ( 'NONE', *, *, #113, .F. ) ;
#1086 = VERTEX_POINT ( 'NONE', #2687 ) ;
#1087 = PLANE ( 'NONE',  #120 ) ;
#1088 = CARTESIAN_POINT ( 'NONE',  ( -0.9248100461410775400, 0.1850000000000000000, -0.1125000000000001800 ) ) ;
#1089 = VECTOR ( 'NONE', #1667, 1000.000000000000000 ) ;
#1090 = ORIENTED_EDGE ( 'NONE', *, *, #1926, .T. ) ;
#1091 = EDGE_CURVE ( 'NONE', #2571, #1800, #1215, .T. ) ;
#1092 = CARTESIAN_POINT ( 'NONE',  ( 0.9248100461410775400, 2.710505431213761100E-017, -0.5375000000000002000 ) ) ;
#1093 = FILL_AREA_STYLE_COLOUR ( '', #2932 ) ;
#1094 = LINE ( 'NONE', #2367, #2372 ) ;
#1095 = ORIENTED_EDGE ( 'NONE', *, *, #1699, .F. ) ;
#1096 = VECTOR ( 'NONE', #1141, 1000.000000000000200 ) ;
#1097 = LINE ( 'NONE', #353, #1995 ) ;
#1098 = LINE ( 'NONE', #822, #450 ) ;
#1099 =( GEOMETRIC_REPRESENTATION_CONTEXT ( 3 ) GLOBAL_UNCERTAINTY_ASSIGNED_CONTEXT ( ( #2708 ) ) GLOBAL_UNIT_ASSIGNED_CONTEXT ( ( #2767, #1322, #3063 ) ) REPRESENTATION_CONTEXT ( 'NONE', 'WORKASPACE' ) );
#1100 = ORIENTED_EDGE ( 'NONE', *, *, #538, .T. ) ;
#1101 = CARTESIAN_POINT ( 'NONE',  ( -0.3636077195485476500, 1.099999999999993200, -0.6786077195485475900 ) ) ;
#1102 = CARTESIAN_POINT ( 'NONE',  ( -0.6644188604603699100, 0.3999999999999931400, 0.7624999999999997300 ) ) ;
#1103 = DIRECTION ( 'NONE',  ( -0.0000000000000000000, -0.0000000000000000000, -1.000000000000000000 ) ) ;
#1104 = VERTEX_POINT ( 'NONE', #2208 ) ;
#1105 = ADVANCED_FACE ( 'NONE', ( #2589 ), #1060, .F. ) ;
#1106 = PRODUCT_DEFINITION_SHAPE ( 'NONE', 'NONE',  #298 ) ;
#1107 = ORIENTED_EDGE ( 'NONE', *, *, #2088, .T. ) ;
#1108 = CARTESIAN_POINT ( 'NONE',  ( 0.6035127018419917900, 0.4249999999999931100, -0.5375000000000002000 ) ) ;
#1109 = EDGE_CURVE ( 'NONE', #2135, #288, #995, .T. ) ;
#1110 = PLANE ( 'NONE',  #1703 ) ;
#1111 = EDGE_CURVE ( 'NONE', #1514, #374, #1249, .T. ) ;
#1112 = DIRECTION ( 'NONE',  ( 0.0000000000000000000, -0.0000000000000000000, -1.000000000000000000 ) ) ;
#1113 = DIRECTION ( 'NONE',  ( -1.000000000000000000, 0.0000000000000000000, 0.0000000000000000000 ) ) ;
#1114 = ADVANCED_FACE ( 'NONE', ( #2029 ), #2475, .F. ) ;
#1115 = UNCERTAINTY_MEASURE_WITH_UNIT (LENGTH_MEASURE( 1.000000000000000100E-005 ), #1479, 'distance_accuracy_value', 'NONE');
#1116 = ADVANCED_FACE ( 'NONE', ( #642 ), #837, .F. ) ;
#1117 = ORIENTED_EDGE ( 'NONE', *, *, #999, .T. ) ;
#1118 = DIRECTION ( 'NONE',  ( -0.2079116908177525400, -0.9781476007338070200, 0.0000000000000000000 ) ) ;
#1119 = ORIENTED_EDGE ( 'NONE', *, *, #1699, .T. ) ;
#1120 = ORIENTED_EDGE ( 'NONE', *, *, #2492, .T. ) ;
#1121 = ORIENTED_EDGE ( 'NONE', *, *, #1899, .F. ) ;
#1122 = ORIENTED_EDGE ( 'NONE', *, *, #2074, .F. ) ;
#1123 = ORIENTED_EDGE ( 'NONE', *, *, #279, .T. ) ;
#1124 = VECTOR ( 'NONE', #3044, 1000.000000000000000 ) ;
#1125 = CARTESIAN_POINT ( 'NONE',  ( 0.6250000000000001100, 0.5999999999999930900, -0.5375000000000002000 ) ) ;
#1126 = LINE ( 'NONE', #2773, #484 ) ;
#1127 = CARTESIAN_POINT ( 'NONE',  ( 0.8600483806071314000, 0.4415823381635436400, -0.1125000000000001800 ) ) ;
#1128 = CYLINDRICAL_SURFACE ( 'NONE', #599, 0.02499999999999995600 ) ;
#1129 = VECTOR ( 'NONE', #1074, 1000.000000000000100 ) ;
#1130 = LINE ( 'NONE', #1230, #493 ) ;
#1131 = DIRECTION ( 'NONE',  ( -1.000000000000000000, 0.0000000000000000000, 0.0000000000000000000 ) ) ;
#1132 = VECTOR ( 'NONE', #941, 1000.000000000000100 ) ;
#1133 = CARTESIAN_POINT ( 'NONE',  ( -0.6644188604603699100, 0.3999999999999931400, 0.1124999999999997500 ) ) ;
#1134 = MANIFOLD_SOLID_BREP ( 'Cut-Extrude1', #1624 ) ;
#1135 = VECTOR ( 'NONE', #1002, 1000.000000000000000 ) ;
#1136 = VECTOR ( 'NONE', #358, 1000.000000000000000 ) ;
#1137 = FILL_AREA_STYLE_COLOUR ( '', #2322 ) ;
#1138 = DIRECTION ( 'NONE',  ( 0.2079116908177525400, -0.9781476007338070200, 0.0000000000000000000 ) ) ;
#1139 = ORIENTED_EDGE ( 'NONE', *, *, #1297, .F. ) ;
#1140 = DIRECTION ( 'NONE',  ( 0.0000000000000000000, -0.0000000000000000000, -1.000000000000000000 ) ) ;
#1141 = DIRECTION ( 'NONE',  ( 0.2079116908177525400, 0.9781476007338070200, -0.0000000000000000000 ) ) ;
#1142 = VERTEX_POINT ( 'NONE', #1486 ) ;
#1143 = CARTESIAN_POINT ( 'NONE',  ( -0.6250000000000001100, 0.5999999999999930900, -0.1125000000000001800 ) ) ;
#1144 = ORIENTED_EDGE ( 'NONE', *, *, #2197, .T. ) ;
#1145 = AXIS2_PLACEMENT_3D ( 'NONE', #1252, #2437, #2916 ) ;
#1146 = ORIENTED_EDGE ( 'NONE', *, *, #128, .T. ) ;
#1147 = ADVANCED_FACE ( 'NONE', ( #991 ), #1033, .T. ) ;
#1148 = CARTESIAN_POINT ( 'NONE',  ( 0.6250000000000001100, 0.5999999999999930900, 0.1124999999999997500 ) ) ;
#1149 = EDGE_CURVE ( 'NONE', #1893, #1673, #2958, .T. ) ;
#1150 = CARTESIAN_POINT ( 'NONE',  ( -0.6250000000000001100, 0.5999999999999930900, 0.1124999999999997500 ) ) ;
#1151 = EDGE_LOOP ( 'NONE', ( #2911, #1373, #2882, #1903 ) ) ;
#1152 = CARTESIAN_POINT ( 'NONE',  ( 0.9248100461410775400, 0.1850000000000000000, -0.7625000000000001800 ) ) ;
#1153 = CARTESIAN_POINT ( 'NONE',  ( -0.3636077195485476500, 1.099999999999993200, -0.7986077195485477000 ) ) ;
#1154 = DIRECTION ( 'NONE',  ( 0.0000000000000000000, -0.0000000000000000000, 1.000000000000000000 ) ) ;
#1155 = ORIENTED_EDGE ( 'NONE', *, *, #835, .F. ) ;
#1156 = AXIS2_PLACEMENT_3D ( 'NONE', #1027, #309, #2938 ) ;
#1157 = ORIENTED_EDGE ( 'NONE', *, *, #1584, .T. ) ;
#1158 = ORIENTED_EDGE ( 'NONE', *, *, #1797, .F. ) ;
#1159 = ORIENTED_EDGE ( 'NONE', *, *, #3091, .F. ) ;
#1160 = CARTESIAN_POINT ( 'NONE',  ( -0.9248100461410775400, 0.1750000000000000400, 0.7624999999999997300 ) ) ;
#1161 = DIRECTION ( 'NONE',  ( 0.0000000000000000000, -0.0000000000000000000, -1.000000000000000000 ) ) ;
#1162 = ORIENTED_EDGE ( 'NONE', *, *, #1374, .F. ) ;
#1163 = DIRECTION ( 'NONE',  ( 2.750465538128683400E-015, -1.000000000000000000, 0.0000000000000000000 ) ) ;
#1164 = CARTESIAN_POINT ( 'NONE',  ( -0.7438527400053232000, 0.1465363371987157500, -0.1125000000000001800 ) ) ;
#1165 = DIRECTION ( 'NONE',  ( 0.0000000000000000000, -0.0000000000000000000, -1.000000000000000000 ) ) ;
#1166 = DIRECTION ( 'NONE',  ( -1.000000000000000000, -2.165114170637245000E-016, 0.0000000000000000000 ) ) ;
#1167 = ADVANCED_FACE ( 'NONE', ( #326 ), #1477, .T. ) ;
#1168 = CARTESIAN_POINT ( 'NONE',  ( -0.5957304417608545500, 0.8383814220933717400, -0.9707304417608544300 ) ) ;
#1169 = CYLINDRICAL_SURFACE ( 'NONE', #2718, 0.02499999999999995600 ) ;
#1170 = VECTOR ( 'NONE', #868, 1000.000000000000200 ) ;
#1171 = VERTEX_POINT ( 'NONE', #1493 ) ;
#1172 = EDGE_CURVE ( 'NONE', #821, #1171, #1828, .T. ) ;
#1173 = EDGE_CURVE ( 'NONE', #718, #2827, #1652, .T. ) ;
#1174 = PRESENTATION_STYLE_ASSIGNMENT (( #920 ) ) ;
#1175 = FACE_OUTER_BOUND ( 'NONE', #1581, .T. ) ;
#1176 = DIRECTION ( 'NONE',  ( 0.0000000000000000000, 0.0000000000000000000, 1.000000000000000000 ) ) ;
#1177 = LINE ( 'NONE', #1160, #1428 ) ;
#1178 = ORIENTED_EDGE ( 'NONE', *, *, #1260, .F. ) ;
#1179 = VECTOR ( 'NONE', #1983, 1000.000000000000000 ) ;
#1180 = CARTESIAN_POINT ( 'NONE',  ( 0.9150285701337396200, 0.1829208830918224700, 0.7624999999999997300 ) ) ;
#1181 = CARTESIAN_POINT ( 'NONE',  ( 0.0000000000000000000, 1.099999999999993200, 0.0000000000000000000 ) ) ;
#1182 = ORIENTED_EDGE ( 'NONE', *, *, #3092, .T. ) ;
#1183 = AXIS2_PLACEMENT_3D ( 'NONE', #542, #2444, #1990 ) ;
#1184 = AXIS2_PLACEMENT_3D ( 'NONE', #397, #3014, #2099 ) ;
#1185 = CARTESIAN_POINT ( 'NONE',  ( -0.7438527400053232000, 0.1465363371987157500, -0.5375000000000002000 ) ) ;
#1186 = VERTEX_POINT ( 'NONE', #1285 ) ;
#1187 = DIRECTION ( 'NONE',  ( 0.0000000000000000000, 0.0000000000000000000, 1.000000000000000000 ) ) ;
#1188 = ADVANCED_FACE ( 'NONE', ( #258 ), #2944, .F. ) ;
#1189 = ORIENTED_EDGE ( 'NONE', *, *, #1681, .F. ) ;
#1190 = CARTESIAN_POINT ( 'NONE',  ( -0.6644188604603699100, 0.3999999999999931400, -0.7625000000000001800 ) ) ;
#1191 = AXIS2_PLACEMENT_3D ( 'NONE', #2720, #58, #1261 ) ;
#1192 = DIRECTION ( 'NONE',  ( -1.000000000000000000, 2.165114170637245000E-016, 0.0000000000000000000 ) ) ;
#1193 = DIRECTION ( 'NONE',  ( 1.000000000000000000, 0.0000000000000000000, 0.0000000000000000000 ) ) ;
#1194 = ORIENTED_EDGE ( 'NONE', *, *, #2403, .T. ) ;
#1195 = DIRECTION ( 'NONE',  ( -0.9925461516413219800, 0.1218693434051477400, -5.380603469508241900E-017 ) ) ;
#1196 = PLANE ( 'NONE',  #460 ) ;
#1197 = EDGE_CURVE ( 'NONE', #779, #1595, #2379, .T. ) ;
#1198 = PLANE ( 'NONE',  #2543 ) ;
#1199 = ADVANCED_FACE ( 'NONE', ( #2069 ), #346, .T. ) ;
#1200 = ORIENTED_EDGE ( 'NONE', *, *, #2354, .T. ) ;
#1201 = CARTESIAN_POINT ( 'NONE',  ( 0.6035127018419917900, 0.4249999999999931100, -0.5375000000000002000 ) ) ;
#1202 = CARTESIAN_POINT ( 'NONE',  ( 0.7438527400053232000, 0.1465363371987157500, -0.7625000000000001800 ) ) ;
#1203 = ORIENTED_EDGE ( 'NONE', *, *, #193, .F. ) ;
#1204 = APPLICATION_CONTEXT ( 'automotive_design' ) ;
#1205 = LINE ( 'NONE', #1330, #2143 ) ;
#1206 = COLOUR_RGB ( '',0.7921568627450980000, 0.8196078431372548800, 0.9333333333333333500 ) ;
#1207 = LINE ( 'NONE', #3018, #1053 ) ;
#1208 = CARTESIAN_POINT ( 'NONE',  ( -0.6644188604603699100, 0.3999999999999931400, 0.7624999999999997300 ) ) ;
#1209 = CARTESIAN_POINT ( 'NONE',  ( -0.6644188604603699100, 0.5999999999999932100, 0.5374999999999997600 ) ) ;
#1210 = VECTOR ( 'NONE', #2969, 1000.000000000000000 ) ;
#1211 = PRESENTATION_STYLE_ASSIGNMENT (( #1293 ) ) ;
#1212 = VECTOR ( 'NONE', #207, 1000.000000000000000 ) ;
#1213 = CARTESIAN_POINT ( 'NONE',  ( -0.6250000000000001100, 0.5999999999999930900, 0.5374999999999997600 ) ) ;
#1214 = VECTOR ( 'NONE', #3017, 1000.000000000000000 ) ;
#1215 = LINE ( 'NONE', #1730, #523 ) ;
#1216 = DIRECTION ( 'NONE',  ( -0.0000000000000000000, -0.0000000000000000000, -1.000000000000000000 ) ) ;
#1217 = CIRCLE ( 'NONE', #264, 0.2000000000000000900 ) ;
#1218 = EDGE_CURVE ( 'NONE', #1256, #824, #1054, .T. ) ;
#1219 = CARTESIAN_POINT ( 'NONE',  ( -0.3636077195485476500, 1.049999999999993200, -0.7386077195485476500 ) ) ;
#1220 = COLOUR_RGB ( '',1.000000000000000000, 1.000000000000000000, 1.000000000000000000 ) ;
#1221 = ORIENTED_EDGE ( 'NONE', *, *, #90, .F. ) ;
#1222 = DIRECTION ( 'NONE',  ( 1.000000000000000000, 0.0000000000000000000, 0.0000000000000000000 ) ) ;
#1223 = CARTESIAN_POINT ( 'NONE',  ( -1.050000000000000000, 0.1749999999999999900, -0.5375000000000002000 ) ) ;
#1224 = AXIS2_PLACEMENT_3D ( 'NONE', #722, #970, #2176 ) ;
#1225 = ORIENTED_EDGE ( 'NONE', *, *, #3067, .T. ) ;
#1226 = DIRECTION ( 'NONE',  ( 0.0000000000000000000, 1.000000000000000000, 0.0000000000000000000 ) ) ;
#1227 = CARTESIAN_POINT ( 'NONE',  ( -0.6644188604603699100, 0.3999999999999931400, 0.5374999999999997600 ) ) ;
#1228 = ORIENTED_EDGE ( 'NONE', *, *, #581, .F. ) ;
#1229 = CARTESIAN_POINT ( 'NONE',  ( 0.9248100461410775400, 2.710505431213761100E-017, -0.1125000000000001800 ) ) ;
#1230 = CARTESIAN_POINT ( 'NONE',  ( 0.6888725504787151000, 0.4051977922704369500, 0.7624999999999997300 ) ) ;
#1231 = EDGE_CURVE ( 'NONE', #1762, #2616, #2892, .T. ) ;
#1232 = EDGE_CURVE ( 'NONE', #1480, #272, #3032, .T. ) ;
#1233 = EDGE_CURVE ( 'NONE', #2569, #123, #2255, .T. ) ;
#1234 = ORIENTED_EDGE ( 'NONE', *, *, #2076, .T. ) ;
#1235 = DIRECTION ( 'NONE',  ( -0.0000000000000000000, -1.000000000000000000, -0.0000000000000000000 ) ) ;
#1236 = ORIENTED_EDGE ( 'NONE', *, *, #279, .F. ) ;
#1237 = AXIS2_PLACEMENT_3D ( 'NONE', #2667, #1909, #2869 ) ;
#1238 = AXIS2_PLACEMENT_3D ( 'NONE', #2383, #1388, #215 ) ;
#1239 = ORIENTED_EDGE ( 'NONE', *, *, #751, .F. ) ;
#1240 = DIRECTION ( 'NONE',  ( -0.2079116908177530100, -0.9781476007338069100, 0.0000000000000000000 ) ) ;
#1241 = ORIENTED_EDGE ( 'NONE', *, *, #711, .F. ) ;
#1242 = CARTESIAN_POINT ( 'NONE',  ( -0.5636077195485477100, 1.099999999999993200, 0.9386077195485471600 ) ) ;
#1243 = ORIENTED_EDGE ( 'NONE', *, *, #1422, .T. ) ;
#1244 = VECTOR ( 'NONE', #939, 1000.000000000000100 ) ;
#1245 = CARTESIAN_POINT ( 'NONE',  ( 0.9248100461410775400, 0.1750000000000000400, 0.7624999999999997300 ) ) ;
#1246 = VECTOR ( 'NONE', #2980, 1000.000000000000000 ) ;
#1247 = LINE ( 'NONE', #1069, #640 ) ;
#1248 = VECTOR ( 'NONE', #2602, 1000.000000000000000 ) ;
#1249 = LINE ( 'NONE', #1041, #3035 ) ;
#1250 = LINE ( 'NONE', #874, #262 ) ;
#1251 = DIRECTION ( 'NONE',  ( 2.750465538128683400E-015, -1.000000000000000000, 0.0000000000000000000 ) ) ;
#1252 = CARTESIAN_POINT ( 'NONE',  ( -0.9248100461410775400, 0.1750000000000000200, 0.7624999999999997300 ) ) ;
#1253 = VECTOR ( 'NONE', #202, 1000.000000000000000 ) ;
#1254 = EDGE_CURVE ( 'NONE', #866, #591, #2811, .T. ) ;
#1255 = ORIENTED_EDGE ( 'NONE', *, *, #2804, .F. ) ;
#1256 = VERTEX_POINT ( 'NONE', #585 ) ;
#1257 = CARTESIAN_POINT ( 'NONE',  ( 0.6644188604603699100, 0.3999999999999931400, 0.1124999999999997500 ) ) ;
#1258 = ORIENTED_EDGE ( 'NONE', *, *, #35, .F. ) ;
#1259 = EDGE_CURVE ( 'NONE', #788, #2339, #368, .T. ) ;
#1260 = EDGE_CURVE ( 'NONE', #2482, #1369, #2782, .T. ) ;
#1261 = DIRECTION ( 'NONE',  ( 0.0000000000000000000, 0.0000000000000000000, 1.000000000000000000 ) ) ;
#1262 = VERTEX_POINT ( 'NONE', #2522 ) ;
#1263 = ORIENTED_EDGE ( 'NONE', *, *, #2896, .F. ) ;
#1264 = AXIS2_PLACEMENT_3D ( 'NONE', #893, #901, #2546 ) ;
#1265 = ORIENTED_EDGE ( 'NONE', *, *, #1197, .T. ) ;
#1266 = DIRECTION ( 'NONE',  ( 1.000000000000000000, -2.165114170637245000E-016, 0.0000000000000000000 ) ) ;
#1267 = CARTESIAN_POINT ( 'NONE',  ( 0.6035127018419917900, 0.4249999999999931100, -0.1125000000000001800 ) ) ;
#1268 = VECTOR ( 'NONE', #853, 1000.000000000000000 ) ;
#1269 = VECTOR ( 'NONE', #1473, 1000.000000000000000 ) ;
#1270 = VECTOR ( 'NONE', #1103, 1000.000000000000000 ) ;
#1271 = LINE ( 'NONE', #354, #1129 ) ;
#1272 = FILL_AREA_STYLE ('',( #808 ) ) ;
#1273 = CARTESIAN_POINT ( 'NONE',  ( 0.9150285701337396200, 0.1829208830918224700, -0.5375000000000002000 ) ) ;
#1274 = VECTOR ( 'NONE', #1382, 1000.000000000000000 ) ;
#1275 = VECTOR ( 'NONE', #2538, 1000.000000000000000 ) ;
#1276 = CARTESIAN_POINT ( 'NONE',  ( 0.6888725504787151000, 0.4051977922704369500, 0.1124999999999997500 ) ) ;
#1277 = LINE ( 'NONE', #769, #1303 ) ;
#1278 = CIRCLE ( 'NONE', #467, 0.2000000000000000900 ) ;
#1279 = LINE ( 'NONE', #935, #1253 ) ;
#1280 = CARTESIAN_POINT ( 'NONE',  ( 0.8600483806071314000, 0.4415823381635436400, 0.1124999999999997500 ) ) ;
#1281 = AXIS2_PLACEMENT_3D ( 'NONE', #2487, #2021, #537 ) ;
#1282 = DIRECTION ( 'NONE',  ( -1.000000000000000000, 0.0000000000000000000, 0.0000000000000000000 ) ) ;
#1283 = ORIENTED_EDGE ( 'NONE', *, *, #2894, .T. ) ;
#1284 = DIRECTION ( 'NONE',  ( 0.9781476007338070200, -0.2079116908177530400, 0.0000000000000000000 ) ) ;
#1285 = CARTESIAN_POINT ( 'NONE',  ( -0.5636077195485477100, 0.09999999999999310800, 0.9386077195485471600 ) ) ;
#1286 = ORIENTED_EDGE ( 'NONE', *, *, #1173, .F. ) ;
#1287 = AXIS2_PLACEMENT_3D ( 'NONE', #2942, #813, #781 ) ;
#1288 = ORIENTED_EDGE ( 'NONE', *, *, #1362, .T. ) ;
#1289 = ORIENTED_EDGE ( 'NONE', *, *, #1013, .F. ) ;
#1290 = DIRECTION ( 'NONE',  ( 0.9781476007338070200, -0.2079116908177530400, 0.0000000000000000000 ) ) ;
#1291 = EDGE_LOOP ( 'NONE', ( #1298, #289, #1022, #1564 ) ) ;
#1292 = ORIENTED_EDGE ( 'NONE', *, *, #2351, .T. ) ;
#1293 = SURFACE_STYLE_USAGE ( .BOTH. , #2761 ) ;
#1294 = AXIS2_PLACEMENT_3D ( 'NONE', #170, #1604, #3074 ) ;
#1295 = EDGE_CURVE ( 'NONE', #1878, #2803, #1271, .T. ) ;
#1296 = ORIENTED_EDGE ( 'NONE', *, *, #328, .T. ) ;
#1297 = EDGE_CURVE ( 'NONE', #93, #2845, #1425, .T. ) ;
#1298 = ORIENTED_EDGE ( 'NONE', *, *, #429, .F. ) ;
#1299 = CARTESIAN_POINT ( 'NONE',  ( 0.9248100461410775400, 2.710505431213761100E-017, 0.7624999999999997300 ) ) ;
#1300 = DIRECTION ( 'NONE',  ( -1.000000000000000000, 0.0000000000000000000, 0.0000000000000000000 ) ) ;
#1301 = ORIENTED_EDGE ( 'NONE', *, *, #793, .T. ) ;
#1302 = DIRECTION ( 'NONE',  ( 0.0000000000000000000, 0.0000000000000000000, 1.000000000000000000 ) ) ;
#1303 = VECTOR ( 'NONE', #1709, 1000.000000000000000 ) ;
#1304 = LINE ( 'NONE', #1398, #31 ) ;
#1305 = AXIS2_PLACEMENT_3D ( 'NONE', #487, #1392, #238 ) ;
#1306 = VECTOR ( 'NONE', #2204, 1000.000000000000000 ) ;
#1307 = ORIENTED_EDGE ( 'NONE', *, *, #2036, .T. ) ;
#1308 =( LENGTH_UNIT ( ) NAMED_UNIT ( * ) SI_UNIT ( .MILLI., .METRE. ) );
#1309 = CIRCLE ( 'NONE', #1811, 0.1850000000000000500 ) ;
#1310 = VECTOR ( 'NONE', #287, 1000.000000000000000 ) ;
#1311 = CIRCLE ( 'NONE', #2238, 0.06000000000000004600 ) ;
#1312 = DIRECTION ( 'NONE',  ( -0.0000000000000000000, -0.0000000000000000000, -1.000000000000000000 ) ) ;
#1313 =( NAMED_UNIT ( * ) PLANE_ANGLE_UNIT ( ) SI_UNIT ( $, .RADIAN. ) );
#1314 = DIRECTION ( 'NONE',  ( 0.0000000000000000000, 0.0000000000000000000, 1.000000000000000000 ) ) ;
#1315 = ADVANCED_FACE ( 'NONE', ( #2933 ), #2052, .F. ) ;
#1316 = ORIENTED_EDGE ( 'NONE', *, *, #34, .T. ) ;
#1317 = CARTESIAN_POINT ( 'NONE',  ( 0.6250000000000001100, 0.5999999999999930900, 0.7624999999999997300 ) ) ;
#1318 = ORIENTED_EDGE ( 'NONE', *, *, #1668, .F. ) ;
#1319 = EDGE_CURVE ( 'NONE', #1535, #1186, #175, .T. ) ;
#1320 = EDGE_CURVE ( 'NONE', #421, #1765, #2641, .T. ) ;
#1321 = ORIENTED_EDGE ( 'NONE', *, *, #1502, .T. ) ;
#1322 =( NAMED_UNIT ( * ) PLANE_ANGLE_UNIT ( ) SI_UNIT ( $, .RADIAN. ) );
#1323 = AXIS2_PLACEMENT_3D ( 'NONE', #30, #2184, #2613 ) ;
#1324 = MECHANICAL_DESIGN_GEOMETRIC_PRESENTATION_REPRESENTATION (  '', ( #925 ), #1078 ) ;
#1325 = DIRECTION ( 'NONE',  ( 0.0000000000000000000, 0.0000000000000000000, 1.000000000000000000 ) ) ;
#1326 = EDGE_LOOP ( 'NONE', ( #1689, #1482, #1236, #1119 ) ) ;
#1327 = PLANE ( 'NONE',  #587 ) ;
#1328 = ADVANCED_FACE ( 'NONE', ( #297 ), #761, .F. ) ;
#1329 = CARTESIAN_POINT ( 'NONE',  ( -0.6644188604603699100, 0.5999999999999932100, 0.7624999999999997300 ) ) ;
#1330 = CARTESIAN_POINT ( 'NONE',  ( 0.9248100461410775400, 0.1750000000000000200, 0.7624999999999997300 ) ) ;
#1331 = CARTESIAN_POINT ( 'NONE',  ( 0.6250000000000001100, 0.5999999999999930900, 0.9999999999999995600 ) ) ;
#1332 = ORIENTED_EDGE ( 'NONE', *, *, #2809, .F. ) ;
#1333 = AXIS2_PLACEMENT_3D ( 'NONE', #1227, #1444, #1949 ) ;
#1334 = ORIENTED_EDGE ( 'NONE', *, *, #1735, .T. ) ;
#1335 = CARTESIAN_POINT ( 'NONE',  ( 0.6644188604603699100, 0.3999999999999931400, 0.1124999999999997500 ) ) ;
#1336 = CARTESIAN_POINT ( 'NONE',  ( 0.6035127018419917900, 0.4249999999999931100, 0.5374999999999997600 ) ) ;
#1337 = ORIENTED_EDGE ( 'NONE', *, *, #349, .F. ) ;
#1338 = LINE ( 'NONE', #229, #324 ) ;
#1339 = EDGE_CURVE ( 'NONE', #2472, #1104, #2183, .T. ) ;
#1340 = PRODUCT ( 'BAT54BR RF', 'BAT54BR RF', '', ( #2649 ) ) ;
#1341 = EDGE_LOOP ( 'NONE', ( #3056, #1200, #1356, #1945 ) ) ;
#1342 = CIRCLE ( 'NONE', #137, 0.02499999999999995600 ) ;
#1343 = LINE ( 'NONE', #2231, #1269 ) ;
#1344 = ADVANCED_FACE ( 'NONE', ( #1530 ), #1688, .F. ) ;
#1345 = MECHANICAL_DESIGN_GEOMETRIC_PRESENTATION_REPRESENTATION (  '', ( #1517 ), #2478 ) ;
#1346 = VERTEX_POINT ( 'NONE', #2180 ) ;
#1347 = CYLINDRICAL_SURFACE ( 'NONE', #2055, 0.009999999999999918700 ) ;
#1348 = VECTOR ( 'NONE', #1756, 1000.000000000000000 ) ;
#1349 = LINE ( 'NONE', #2095, #254 ) ;
#1350 = LINE ( 'NONE', #2336, #108 ) ;
#1351 = DIRECTION ( 'NONE',  ( 0.0000000000000000000, -0.0000000000000000000, -1.000000000000000000 ) ) ;
#1352 = VECTOR ( 'NONE', #3100, 1000.000000000000000 ) ;
#1353 = DIRECTION ( 'NONE',  ( -1.000000000000000000, 0.0000000000000000000, 0.0000000000000000000 ) ) ;
#1354 = ORIENTED_EDGE ( 'NONE', *, *, #3047, .T. ) ;
#1355 = DIRECTION ( 'NONE',  ( 0.1218693434051475200, -0.9925461516413219800, 0.0000000000000000000 ) ) ;
#1356 = ORIENTED_EDGE ( 'NONE', *, *, #1733, .T. ) ;
#1357 = VERTEX_POINT ( 'NONE', #747 ) ;
#1358 = ORIENTED_EDGE ( 'NONE', *, *, #456, .F. ) ;
#1359 = CARTESIAN_POINT ( 'NONE',  ( -0.3636077195485476500, 1.049999999999993200, -0.6786077195485475900 ) ) ;
#1360 = ADVANCED_FACE ( 'NONE', ( #724 ), #265, .F. ) ;
#1361 = DIRECTION ( 'NONE',  ( 1.000000000000000000, 0.0000000000000000000, -0.0000000000000000000 ) ) ;
#1362 = EDGE_CURVE ( 'NONE', #1389, #343, #1992, .T. ) ;
#1363 = ADVANCED_FACE ( 'NONE', ( #1574 ), #2146, .T. ) ;
#1364 = ORIENTED_EDGE ( 'NONE', *, *, #1542, .F. ) ;
#1365 = DIRECTION ( 'NONE',  ( -5.421010862427523400E-017, -0.0000000000000000000, 1.000000000000000000 ) ) ;
#1366 = DIRECTION ( 'NONE',  ( -0.0000000000000000000, -0.0000000000000000000, -1.000000000000000000 ) ) ;
#1367 = AXIS2_PLACEMENT_3D ( 'NONE', #1994, #1952, #2929 ) ;
#1368 = DIRECTION ( 'NONE',  ( -1.000000000000000000, 0.0000000000000000000, 0.0000000000000000000 ) ) ;
#1369 = VERTEX_POINT ( 'NONE', #508 ) ;
#1370 = CARTESIAN_POINT ( 'NONE',  ( -0.9248100461410775400, 0.1750000000000000200, 0.5374999999999997600 ) ) ;
#1371 = VERTEX_POINT ( 'NONE', #740 ) ;
#1372 = ADVANCED_FACE ( 'NONE', ( #223 ), #422, .F. ) ;
#1373 = ORIENTED_EDGE ( 'NONE', *, *, #2729, .F. ) ;
#1374 = EDGE_CURVE ( 'NONE', #2252, #718, #876, .T. ) ;
#1375 = EDGE_CURVE ( 'NONE', #2751, #962, #2221, .T. ) ;
#1376 = EDGE_CURVE ( 'NONE', #288, #2696, #2326, .T. ) ;
#1377 = VECTOR ( 'NONE', #2861, 1000.000000000000000 ) ;
#1378 = LINE ( 'NONE', #541, #104 ) ;
#1379 = CIRCLE ( 'NONE', #630, 0.1850000000000000500 ) ;
#1380 = DIRECTION ( 'NONE',  ( -0.0000000000000000000, 0.0000000000000000000, 1.000000000000000000 ) ) ;
#1381 = CIRCLE ( 'NONE', #111, 0.1850000000000000500 ) ;
#1382 = DIRECTION ( 'NONE',  ( 0.0000000000000000000, -1.000000000000000000, 0.0000000000000000000 ) ) ;
#1383 = VECTOR ( 'NONE', #2818, 1000.000000000000000 ) ;
#1384 = FACE_OUTER_BOUND ( 'NONE', #2138, .T. ) ;
#1385 = AXIS2_PLACEMENT_3D ( 'NONE', #732, #1251, #2702 ) ;
#1386 = AXIS2_PLACEMENT_3D ( 'NONE', #1880, #194, #1187 ) ;
#1387 = PRESENTATION_STYLE_ASSIGNMENT (( #1707 ) ) ;
#1388 = DIRECTION ( 'NONE',  ( -0.0000000000000000000, -0.0000000000000000000, -1.000000000000000000 ) ) ;
#1389 = VERTEX_POINT ( 'NONE', #2417 ) ;
#1390 = ADVANCED_FACE ( 'NONE', ( #2705 ), #764, .T. ) ;
#1391 = CARTESIAN_POINT ( 'NONE',  ( 0.6035127018419917900, 0.4249999999999931100, -0.7625000000000001800 ) ) ;
#1392 = DIRECTION ( 'NONE',  ( 0.0000000000000000000, 1.000000000000000000, 0.0000000000000000000 ) ) ;
#1393 = VERTEX_POINT ( 'NONE', #527 ) ;
#1394 = CARTESIAN_POINT ( 'NONE',  ( -0.3636077195485476500, 1.049999999999993200, -0.7386077195485476500 ) ) ;
#1395 = DIRECTION ( 'NONE',  ( 0.0000000000000000000, -0.0000000000000000000, -1.000000000000000000 ) ) ;
#1396 = ORIENTED_EDGE ( 'NONE', *, *, #1897, .T. ) ;
#1397 = STYLED_ITEM ( 'NONE', ( #1387 ), #138 ) ;
#1398 = CARTESIAN_POINT ( 'NONE',  ( -0.9150285701337396200, 0.1829208830918224700, -0.5375000000000002000 ) ) ;
#1399 = DIRECTION ( 'NONE',  ( 1.000000000000000000, -0.0000000000000000000, -0.0000000000000000000 ) ) ;
#1400 = CARTESIAN_POINT ( 'NONE',  ( -0.6644188604603699100, 0.5999999999999932100, 0.1124999999999997500 ) ) ;
#1401 = EDGE_CURVE ( 'NONE', #950, #2339, #1378, .T. ) ;
#1402 = ORIENTED_EDGE ( 'NONE', *, *, #2061, .F. ) ;
#1403 = CARTESIAN_POINT ( 'NONE',  ( 0.6644188604603699100, 0.3999999999999931400, -0.7625000000000001800 ) ) ;
#1404 = CARTESIAN_POINT ( 'NONE',  ( -0.6035127018419917900, 0.4249999999999931100, 0.1124999999999997500 ) ) ;
#1405 = ORIENTED_EDGE ( 'NONE', *, *, #1971, .T. ) ;
#1406 =( LENGTH_UNIT ( ) NAMED_UNIT ( * ) SI_UNIT ( .MILLI., .METRE. ) );
#1407 = DIRECTION ( 'NONE',  ( -0.0000000000000000000, -0.0000000000000000000, -1.000000000000000000 ) ) ;
#1408 = ORIENTED_EDGE ( 'NONE', *, *, #2774, .F. ) ;
#1409 = DIRECTION ( 'NONE',  ( -0.2079116908177525400, 0.9781476007338070200, 0.0000000000000000000 ) ) ;
#1410 = ORIENTED_EDGE ( 'NONE', *, *, #2835, .T. ) ;
#1411 = CARTESIAN_POINT ( 'NONE',  ( -0.6644188604603699100, 0.4249999999999931600, 0.7624999999999997300 ) ) ;
#1412 = ORIENTED_EDGE ( 'NONE', *, *, #1339, .F. ) ;
#1413 = ORIENTED_EDGE ( 'NONE', *, *, #1109, .T. ) ;
#1414 = FILL_AREA_STYLE ('',( #703 ) ) ;
#1415 = CARTESIAN_POINT ( 'NONE',  ( 0.6888725504787151000, 0.4051977922704369500, 0.5374999999999997600 ) ) ;
#1416 = LINE ( 'NONE', #727, #1089 ) ;
#1417 = CARTESIAN_POINT ( 'NONE',  ( 0.6250000000000001100, 1.099999999999993200, 0.9386077195485471600 ) ) ;
#1418 = DIRECTION ( 'NONE',  ( -0.1209742911513548300, -0.9852565360152931700, -0.1209742911513548300 ) ) ;
#1419 = EDGE_LOOP ( 'NONE', ( #444, #191, #1742, #964, #461, #1896, #151, #133, #390, #2153, #2170, #1159 ) ) ;
#1420 = VECTOR ( 'NONE', #2709, 1000.000000000000100 ) ;
#1421 = DIRECTION ( 'NONE',  ( -0.1218693434051477400, -0.9925461516413219800, 0.0000000000000000000 ) ) ;
#1422 = EDGE_CURVE ( 'NONE', #1262, #882, #1871, .T. ) ;
#1423 = EDGE_CURVE ( 'NONE', #2472, #1732, #604, .T. ) ;
#1424 = VECTOR ( 'NONE', #2848, 1000.000000000000000 ) ;
#1425 = CIRCLE ( 'NONE', #1888, 0.1850000000000000500 ) ;
#1426 = ADVANCED_FACE ( 'NONE', ( #1869 ), #789, .F. ) ;
#1427 = DIRECTION ( 'NONE',  ( -0.0000000000000000000, -0.0000000000000000000, -1.000000000000000000 ) ) ;
#1428 = VECTOR ( 'NONE', #979, 1000.000000000000000 ) ;
#1429 = CARTESIAN_POINT ( 'NONE',  ( 0.9248100461410775400, 0.1750000000000000200, -0.5375000000000002000 ) ) ;
#1430 = CARTESIAN_POINT ( 'NONE',  ( 0.6644188604603699100, 0.4249999999999931600, 0.1124999999999997500 ) ) ;
#1431 = DIRECTION ( 'NONE',  ( 1.000000000000000000, 0.0000000000000000000, 0.0000000000000000000 ) ) ;
#1432 = ORIENTED_EDGE ( 'NONE', *, *, #86, .T. ) ;
#1433 = CARTESIAN_POINT ( 'NONE',  ( 0.5636077195485476000, 0.09999999999999310800, -3.055323569820681700E-017 ) ) ;
#1434 = ORIENTED_EDGE ( 'NONE', *, *, #2891, .F. ) ;
#1435 = DIRECTION ( 'NONE',  ( 1.000000000000000000, -0.0000000000000000000, -0.0000000000000000000 ) ) ;
#1436 = CARTESIAN_POINT ( 'NONE',  ( -0.9150285701337396200, 0.1829208830918224700, -0.1125000000000001800 ) ) ;
#1437 = ORIENTED_EDGE ( 'NONE', *, *, #349, .T. ) ;
#1438 = DIRECTION ( 'NONE',  ( -0.0000000000000000000, -0.0000000000000000000, -1.000000000000000000 ) ) ;
#1439 = CARTESIAN_POINT ( 'NONE',  ( 0.7438527400053232000, 0.1465363371987157500, 0.7624999999999997300 ) ) ;
#1440 = CARTESIAN_POINT ( 'NONE',  ( 0.9248100461410775400, 0.1850000000000000000, -0.7625000000000001800 ) ) ;
#1441 = EDGE_CURVE ( 'NONE', #1256, #2459, #2591, .T. ) ;
#1442 = AXIS2_PLACEMENT_3D ( 'NONE', #2187, #1026, #1000 ) ;
#1443 = CARTESIAN_POINT ( 'NONE',  ( 0.6250000000000001100, 0.5999999999999930900, -0.7625000000000001800 ) ) ;
#1444 = DIRECTION ( 'NONE',  ( 0.0000000000000000000, 0.0000000000000000000, 1.000000000000000000 ) ) ;
#1445 = CARTESIAN_POINT ( 'NONE',  ( -0.3636077195485476500, 1.049999999999993200, -0.7386077195485476500 ) ) ;
#1446 = CARTESIAN_POINT ( 'NONE',  ( 0.6644188604603699100, 0.3999999999999931400, -0.5375000000000002000 ) ) ;
#1447 =( NAMED_UNIT ( * ) SI_UNIT ( $, .STERADIAN. ) SOLID_ANGLE_UNIT ( ) );
#1448 = CARTESIAN_POINT ( 'NONE',  ( 0.6644188604603699100, 0.5999999999999932100, 0.7624999999999997300 ) ) ;
#1449 = DIRECTION ( 'NONE',  ( 0.0000000000000000000, -0.0000000000000000000, -1.000000000000000000 ) ) ;
#1450 = EDGE_LOOP ( 'NONE', ( #895, #2345, #790, #1458 ) ) ;
#1451 = EDGE_LOOP ( 'NONE', ( #3102, #2466, #2070, #2609 ) ) ;
#1452 = CARTESIAN_POINT ( 'NONE',  ( 0.6644188604603699100, 0.3999999999999931400, 0.5374999999999997600 ) ) ;
#1453 = EDGE_LOOP ( 'NONE', ( #406, #119, #2662, #146 ) ) ;
#1454 = ORIENTED_EDGE ( 'NONE', *, *, #556, .F. ) ;
#1455 = DIRECTION ( 'NONE',  ( 0.9925461516413219800, 0.1218693434051477400, -5.380603469508241900E-017 ) ) ;
#1456 = ORIENTED_EDGE ( 'NONE', *, *, #2516, .T. ) ;
#1457 = LINE ( 'NONE', #1630, #2259 ) ;
#1458 = ORIENTED_EDGE ( 'NONE', *, *, #668, .T. ) ;
#1459 = FACE_OUTER_BOUND ( 'NONE', #1451, .T. ) ;
#1460 = AXIS2_PLACEMENT_3D ( 'NONE', #557, #307, #2253 ) ;
#1461 = CARTESIAN_POINT ( 'NONE',  ( 0.6644188604603699100, 0.3999999999999931400, 0.7624999999999997300 ) ) ;
#1462 = COLOUR_RGB ( '',0.2509803921568627400, 0.2509803921568627400, 0.2509803921568627400 ) ;
#1463 = EDGE_CURVE ( 'NONE', #898, #2628, #1724, .T. ) ;
#1464 = CYLINDRICAL_SURFACE ( 'NONE', #79, 0.009999999999999918700 ) ;
#1465 = ORIENTED_EDGE ( 'NONE', *, *, #858, .T. ) ;
#1466 = DIRECTION ( 'NONE',  ( 0.2079116908177525400, 0.9781476007338070200, -0.0000000000000000000 ) ) ;
#1467 = FACE_OUTER_BOUND ( 'NONE', #2004, .T. ) ;
#1468 = LINE ( 'NONE', #1439, #2485 ) ;
#1469 = VECTOR ( 'NONE', #602, 1000.000000000000000 ) ;
#1470 = EDGE_CURVE ( 'NONE', #1800, #93, #2030, .T. ) ;
#1471 = FACE_OUTER_BOUND ( 'NONE', #2342, .T. ) ;
#1472 = ORIENTED_EDGE ( 'NONE', *, *, #1232, .F. ) ;
#1473 = DIRECTION ( 'NONE',  ( 0.1209742911513548300, -0.9852565360152931700, -0.1209742911513548300 ) ) ;
#1474 = AXIS2_PLACEMENT_3D ( 'NONE', #1890, #2626, #1918 ) ;
#1475 = VERTEX_POINT ( 'NONE', #1057 ) ;
#1476 = CARTESIAN_POINT ( 'NONE',  ( 0.6250000000000001100, 0.5999999999999930900, 0.9999999999999995600 ) ) ;
#1477 = PLANE ( 'NONE',  #1156 ) ;
#1478 = VERTEX_POINT ( 'NONE', #1317 ) ;
#1479 =( LENGTH_UNIT ( ) NAMED_UNIT ( * ) SI_UNIT ( .MILLI., .METRE. ) );
#1480 = VERTEX_POINT ( 'NONE', #2018 ) ;
#1481 = CARTESIAN_POINT ( 'NONE',  ( -0.9248100461410775400, 2.710505431213761100E-017, -0.5375000000000002000 ) ) ;
#1482 = ORIENTED_EDGE ( 'NONE', *, *, #1091, .F. ) ;
#1483 = EDGE_CURVE ( 'NONE', #2975, #1086, #2745, .T. ) ;
#1484 = EDGE_CURVE ( 'NONE', #575, #374, #2110, .T. ) ;
#1485 = PLANE ( 'NONE',  #2913 ) ;
#1486 = CARTESIAN_POINT ( 'NONE',  ( -1.050000000000000000, 0.1749999999999999900, -0.7625000000000001800 ) ) ;
#1487 = AXIS2_PLACEMENT_3D ( 'NONE', #122, #3025, #657 ) ;
#1488 = AXIS2_PLACEMENT_3D ( 'NONE', #1125, #1591, #2089 ) ;
#1489 = ORIENTED_EDGE ( 'NONE', *, *, #2195, .F. ) ;
#1490 = DIRECTION ( 'NONE',  ( -0.0000000000000000000, 0.0000000000000000000, 1.000000000000000000 ) ) ;
#1491 = CARTESIAN_POINT ( 'NONE',  ( -0.6250000000000001100, 0.5999999999999930900, -0.5375000000000002000 ) ) ;
#1492 = ORIENTED_EDGE ( 'NONE', *, *, #1014, .T. ) ;
#1493 = CARTESIAN_POINT ( 'NONE',  ( 0.9248100461410775400, 2.710505431213761100E-017, -0.5375000000000002000 ) ) ;
#1494 = FACE_OUTER_BOUND ( 'NONE', #859, .T. ) ;
#1495 = FACE_OUTER_BOUND ( 'NONE', #2700, .T. ) ;
#1496 = CYLINDRICAL_SURFACE ( 'NONE', #933, 0.02499999999999995600 ) ;
#1497 = LINE ( 'NONE', #2509, #877 ) ;
#1498 = AXIS2_PLACEMENT_3D ( 'NONE', #617, #1312, #2285 ) ;
#1499 = VECTOR ( 'NONE', #276, 1000.000000000000000 ) ;
#1500 = EDGE_LOOP ( 'NONE', ( #1974, #2474, #312, #270 ) ) ;
#1501 = DIRECTION ( 'NONE',  ( 0.0000000000000000000, 0.0000000000000000000, -1.000000000000000000 ) ) ;
#1502 = EDGE_CURVE ( 'NONE', #797, #1142, #39, .T. ) ;
#1503 = CARTESIAN_POINT ( 'NONE',  ( -0.6250000000000001100, 0.5999999999999930900, 0.7624999999999997300 ) ) ;
#1504 = VERTEX_POINT ( 'NONE', #1541 ) ;
#1505 = AXIS2_PLACEMENT_3D ( 'NONE', #40, #1922, #2885 ) ;
#1506 = ORIENTED_EDGE ( 'NONE', *, *, #2419, .T. ) ;
#1507 = CARTESIAN_POINT ( 'NONE',  ( 0.6035127018419917900, 0.4249999999999931100, -0.7625000000000001800 ) ) ;
#1508 = DIRECTION ( 'NONE',  ( 1.000000000000000000, 0.0000000000000000000, 0.0000000000000000000 ) ) ;
#1509 = CARTESIAN_POINT ( 'NONE',  ( -0.8600483806071314000, 0.4415823381635436400, -0.5375000000000002000 ) ) ;
#1510 = DIRECTION ( 'NONE',  ( -0.0000000000000000000, -0.0000000000000000000, -1.000000000000000000 ) ) ;
#1511 = CARTESIAN_POINT ( 'NONE',  ( 0.6035127018419917900, 0.4249999999999931100, 0.7624999999999997300 ) ) ;
#1512 = DIRECTION ( 'NONE',  ( 0.9925461516413219800, -0.1218693434051477400, -5.380603469508241900E-017 ) ) ;
#1513 = ORIENTED_EDGE ( 'NONE', *, *, #1734, .F. ) ;
#1514 = VERTEX_POINT ( 'NONE', #2047 ) ;
#1515 = EDGE_CURVE ( 'NONE', #2866, #2951, #2679, .T. ) ;
#1516 = CARTESIAN_POINT ( 'NONE',  ( 0.6644188604603699100, 0.5999999999999932100, 0.1124999999999997500 ) ) ;
#1517 = STYLED_ITEM ( 'NONE', ( #101 ), #6 ) ;
#1518 =( NAMED_UNIT ( * ) SI_UNIT ( $, .STERADIAN. ) SOLID_ANGLE_UNIT ( ) );
#1519 = DIRECTION ( 'NONE',  ( -1.000000000000000000, 0.0000000000000000000, 0.0000000000000000000 ) ) ;
#1520 = DIRECTION ( 'NONE',  ( 0.0000000000000000000, 0.0000000000000000000, 1.000000000000000000 ) ) ;
#1521 = ORIENTED_EDGE ( 'NONE', *, *, #689, .F. ) ;
#1522 =( GEOMETRIC_REPRESENTATION_CONTEXT ( 3 ) GLOBAL_UNCERTAINTY_ASSIGNED_CONTEXT ( ( #2156 ) ) GLOBAL_UNIT_ASSIGNED_CONTEXT ( ( #2362, #2348, #2389 ) ) REPRESENTATION_CONTEXT ( 'NONE', 'WORKASPACE' ) );
#1523 = DIRECTION ( 'NONE',  ( -0.1209742911513548300, 0.9852565360152931700, -0.1209742911513548300 ) ) ;
#1524 = VERTEX_POINT ( 'NONE', #612 ) ;
#1525 = VERTEX_POINT ( 'NONE', #867 ) ;
#1526 = CIRCLE ( 'NONE', #1020, 0.1850000000000000500 ) ;
#1527 = VECTOR ( 'NONE', #1438, 1000.000000000000000 ) ;
#1528 = CARTESIAN_POINT ( 'NONE',  ( -0.6067065261005341000, 0.7489883888083548300, 0.9817065261005337700 ) ) ;
#1529 = COLOUR_RGB ( '',0.7921568627450980000, 0.8196078431372548800, 0.9333333333333333500 ) ;
#1530 = FACE_OUTER_BOUND ( 'NONE', #2240, .T. ) ;
#1531 = CARTESIAN_POINT ( 'NONE',  ( 0.8600483806071314000, 0.4415823381635436400, -0.5375000000000002000 ) ) ;
#1532 = DIRECTION ( 'NONE',  ( 0.0000000000000000000, -0.0000000000000000000, -1.000000000000000000 ) ) ;
#1533 = FACE_OUTER_BOUND ( 'NONE', #230, .T. ) ;
#1534 = LINE ( 'NONE', #1415, #2414 ) ;
#1535 = VERTEX_POINT ( 'NONE', #2953 ) ;
#1536 = CYLINDRICAL_SURFACE ( 'NONE', #829, 0.02499999999999995600 ) ;
#1537 = ADVANCED_FACE ( 'NONE', ( #2963 ), #1087, .F. ) ;
#1538 = CARTESIAN_POINT ( 'NONE',  ( -0.6250000000000001100, 0.5999999999999930900, 0.9999999999999995600 ) ) ;
#1539 = VECTOR ( 'NONE', #532, 1000.000000000000000 ) ;
#1540 = FACE_OUTER_BOUND ( 'NONE', #3, .T. ) ;
#1541 = CARTESIAN_POINT ( 'NONE',  ( 0.7438527400053232000, 0.1465363371987157500, 0.1124999999999997500 ) ) ;
#1542 = EDGE_CURVE ( 'NONE', #1535, #2623, #2646, .T. ) ;
#1543 = EDGE_CURVE ( 'NONE', #2801, #825, #2449, .T. ) ;
#1544 = DIRECTION ( 'NONE',  ( 0.0000000000000000000, -0.0000000000000000000, -1.000000000000000000 ) ) ;
#1545 = EDGE_CURVE ( 'NONE', #1357, #821, #844, .T. ) ;
#1546 = ORIENTED_EDGE ( 'NONE', *, *, #2537, .T. ) ;
#1547 = CARTESIAN_POINT ( 'NONE',  ( -0.9248100461410775400, 0.1750000000000000400, 0.5374999999999997600 ) ) ;
#1548 = DIRECTION ( 'NONE',  ( -0.0000000000000000000, -0.0000000000000000000, -1.000000000000000000 ) ) ;
#1549 = DIRECTION ( 'NONE',  ( -1.000000000000000000, -2.165114170637245000E-016, 0.0000000000000000000 ) ) ;
#1550 = VERTEX_POINT ( 'NONE', #2265 ) ;
#1551 = AXIS2_PLACEMENT_3D ( 'NONE', #2400, #3098, #2897 ) ;
#1552 = ORIENTED_EDGE ( 'NONE', *, *, #623, .F. ) ;
#1553 = ORIENTED_EDGE ( 'NONE', *, *, #1849, .T. ) ;
#1554 = DIRECTION ( 'NONE',  ( -0.1218693434051475200, 0.9925461516413219800, 0.0000000000000000000 ) ) ;
#1555 = DIRECTION ( 'NONE',  ( -1.000000000000000000, 0.0000000000000000000, 0.0000000000000000000 ) ) ;
#1556 = ORIENTED_EDGE ( 'NONE', *, *, #3008, .T. ) ;
#1557 = DIRECTION ( 'NONE',  ( 1.000000000000000000, 0.0000000000000000000, 0.0000000000000000000 ) ) ;
#1558 = CARTESIAN_POINT ( 'NONE',  ( 0.5636077195485477100, 1.099999999999993200, 0.9999999999999995600 ) ) ;
#1559 = CARTESIAN_POINT ( 'NONE',  ( -0.8600483806071314000, 0.4415823381635436400, 0.1124999999999997500 ) ) ;
#1560 = ORIENTED_EDGE ( 'NONE', *, *, #2858, .T. ) ;
#1561 = AXIS2_PLACEMENT_3D ( 'NONE', #807, #2714, #2746 ) ;
#1562 = CARTESIAN_POINT ( 'NONE',  ( -0.6644188604603699100, 0.3999999999999931400, -0.1125000000000001800 ) ) ;
#1563 = EDGE_CURVE ( 'NONE', #1874, #2167, #1687, .T. ) ;
#1564 = ORIENTED_EDGE ( 'NONE', *, *, #192, .T. ) ;
#1565 = CARTESIAN_POINT ( 'NONE',  ( 0.6250000000000001100, 0.5999999999999930900, 0.9999999999999995600 ) ) ;
#1566 = DIRECTION ( 'NONE',  ( -2.750465538128683400E-015, -1.000000000000000000, 0.0000000000000000000 ) ) ;
#1567 = EDGE_LOOP ( 'NONE', ( #1985, #1937, #3050, #1065 ) ) ;
#1568 = ADVANCED_FACE ( 'NONE', ( #1919 ), #846, .F. ) ;
#1569 = LINE ( 'NONE', #2583, #2988 ) ;
#1570 = AXIS2_PLACEMENT_3D ( 'NONE', #1403, #1894, #2619 ) ;
#1571 = DIRECTION ( 'NONE',  ( 0.2079116908177530100, -0.9781476007338069100, 0.0000000000000000000 ) ) ;
#1572 = LINE ( 'NONE', #2452, #1306 ) ;
#1573 = VECTOR ( 'NONE', #2309, 1000.000000000000000 ) ;
#1574 = FACE_OUTER_BOUND ( 'NONE', #2194, .T. ) ;
#1575 = VECTOR ( 'NONE', #1192, 1000.000000000000000 ) ;
#1576 = CARTESIAN_POINT ( 'NONE',  ( -0.3636077195485476500, 1.049999999999993200, -0.7386077195485476500 ) ) ;
#1577 = ORIENTED_EDGE ( 'NONE', *, *, #131, .F. ) ;
#1578 = VECTOR ( 'NONE', #1466, 1000.000000000000200 ) ;
#1579 = CARTESIAN_POINT ( 'NONE',  ( -0.6888725504787151000, 0.4051977922704369500, 0.1124999999999997500 ) ) ;
#1580 = ORIENTED_EDGE ( 'NONE', *, *, #2217, .F. ) ;
#1581 = EDGE_LOOP ( 'NONE', ( #1769, #1241, #531, #3005 ) ) ;
#1582 = EDGE_CURVE ( 'NONE', #1878, #2665, #918, .T. ) ;
#1583 = DIRECTION ( 'NONE',  ( 0.0000000000000000000, 0.0000000000000000000, 1.000000000000000000 ) ) ;
#1584 = EDGE_CURVE ( 'NONE', #414, #1371, #2331, .T. ) ;
#1585 = ADVANCED_FACE ( 'NONE', ( #1384 ), #2343, .F. ) ;
#1586 = ORIENTED_EDGE ( 'NONE', *, *, #3047, .F. ) ;
#1587 = DIRECTION ( 'NONE',  ( 0.0000000000000000000, 1.000000000000000000, 0.0000000000000000000 ) ) ;
#1588 = CARTESIAN_POINT ( 'NONE',  ( -0.6250000000000001100, 0.5999999999999930900, 0.7624999999999997300 ) ) ;
#1589 = UNCERTAINTY_MEASURE_WITH_UNIT (LENGTH_MEASURE( 1.000000000000000100E-005 ), #2909, 'distance_accuracy_value', 'NONE');
#1590 = AXIS2_PLACEMENT_3D ( 'NONE', #719, #2155, #2624 ) ;
#1591 = DIRECTION ( 'NONE',  ( 2.750465538128683400E-015, -1.000000000000000000, 0.0000000000000000000 ) ) ;
#1592 = ORIENTED_EDGE ( 'NONE', *, *, #1852, .T. ) ;
#1593 = DIRECTION ( 'NONE',  ( 0.1218693434051475200, 0.9925461516413219800, 0.0000000000000000000 ) ) ;
#1594 = ADVANCED_FACE ( 'NONE', ( #1540 ), #3024, .T. ) ;
#1595 = VERTEX_POINT ( 'NONE', #2064 ) ;
#1596 = VERTEX_POINT ( 'NONE', #1359 ) ;
#1597 = ADVANCED_FACE ( 'NONE', ( #2416 ), #140, .F. ) ;
#1598 = EDGE_CURVE ( 'NONE', #821, #465, #1999, .T. ) ;
#1599 = EDGE_CURVE ( 'NONE', #2616, #866, #2821, .T. ) ;
#1600 = DIRECTION ( 'NONE',  ( 0.9781476007338071300, 0.2079116908177525700, 0.0000000000000000000 ) ) ;
#1601 = DIRECTION ( 'NONE',  ( 1.000000000000000000, 0.0000000000000000000, -0.0000000000000000000 ) ) ;
#1602 = ORIENTED_EDGE ( 'NONE', *, *, #115, .F. ) ;
#1603 = VERTEX_POINT ( 'NONE', #1835 ) ;
#1604 = DIRECTION ( 'NONE',  ( -0.0000000000000000000, -0.0000000000000000000, -1.000000000000000000 ) ) ;
#1605 = ORIENTED_EDGE ( 'NONE', *, *, #1927, .T. ) ;
#1606 = PLANE ( 'NONE',  #1 ) ;
#1607 = DIRECTION ( 'NONE',  ( -1.000000000000000000, 0.0000000000000000000, 0.0000000000000000000 ) ) ;
#1608 = VECTOR ( 'NONE', #2877, 1000.000000000000000 ) ;
#1609 = LINE ( 'NONE', #3071, #796 ) ;
#1610 = AXIS2_PLACEMENT_3D ( 'NONE', #1257, #1490, #1282 ) ;
#1611 = VECTOR ( 'NONE', #1713, 1000.000000000000000 ) ;
#1612 = VECTOR ( 'NONE', #2734, 1000.000000000000000 ) ;
#1613 = VECTOR ( 'NONE', #1788, 1000.000000000000000 ) ;
#1614 = CIRCLE ( 'NONE', #136, 0.1850000000000000500 ) ;
#1615 = FACE_OUTER_BOUND ( 'NONE', #188, .T. ) ;
#1616 = LINE ( 'NONE', #1860, #497 ) ;
#1617 = VECTOR ( 'NONE', #1523, 1000.000000000000000 ) ;
#1618 = ADVANCED_FACE ( 'NONE', ( #1960 ), #3036, .F. ) ;
#1619 = VECTOR ( 'NONE', #2898, 1000.000000000000000 ) ;
#1620 = PLANE ( 'NONE',  #1876 ) ;
#1621 = CARTESIAN_POINT ( 'NONE',  ( 0.7438527400053232000, 0.1465363371987157500, 0.1124999999999997500 ) ) ;
#1622 = CARTESIAN_POINT ( 'NONE',  ( 0.6035127018419917900, 0.4249999999999931100, 0.5374999999999997600 ) ) ;
#1623 = VERTEX_POINT ( 'NONE', #1823 ) ;
#1624 = CLOSED_SHELL ( 'NONE', ( #1810, #923, #2631, #3093, #161, #2344, #2126, #2536, #2756, #2598, #1372, #1116, #1167 ) ) ;
#1625 = CARTESIAN_POINT ( 'NONE',  ( -0.6888725504787151000, 0.4051977922704369500, 0.1124999999999997500 ) ) ;
#1626 = ORIENTED_EDGE ( 'NONE', *, *, #2353, .F. ) ;
#1627 = CARTESIAN_POINT ( 'NONE',  ( -1.050000000000000000, 0.1749999999999999900, 0.7624999999999997300 ) ) ;
#1628 = EDGE_CURVE ( 'NONE', #141, #1389, #2073, .T. ) ;
#1629 = DIRECTION ( 'NONE',  ( 0.0000000000000000000, 1.000000000000000000, 0.0000000000000000000 ) ) ;
#1630 = CARTESIAN_POINT ( 'NONE',  ( 0.6035127018419917900, 0.4249999999999931100, -0.7625000000000001800 ) ) ;
#1631 = EDGE_LOOP ( 'NONE', ( #1858, #1316 ) ) ;
#1632 = ADVANCED_FACE ( 'NONE', ( #806 ), #1845, .T. ) ;
#1633 = ORIENTED_EDGE ( 'NONE', *, *, #2599, .T. ) ;
#1634 = CARTESIAN_POINT ( 'NONE',  ( 0.6644188604603699100, 0.4249999999999931600, -0.5375000000000002000 ) ) ;
#1635 = CARTESIAN_POINT ( 'NONE',  ( -0.6644188604603699100, 0.3999999999999931400, -0.5375000000000002000 ) ) ;
#1636 = DIRECTION ( 'NONE',  ( 0.0000000000000000000, 1.000000000000000000, 0.0000000000000000000 ) ) ;
#1637 = ORIENTED_EDGE ( 'NONE', *, *, #1852, .F. ) ;
#1638 = ORIENTED_EDGE ( 'NONE', *, *, #2983, .F. ) ;
#1639 = VERTEX_POINT ( 'NONE', #372 ) ;
#1640 = EDGE_CURVE ( 'NONE', #2093, #2202, #2997, .T. ) ;
#1641 = EDGE_CURVE ( 'NONE', #374, #2878, #1278, .T. ) ;
#1642 = EDGE_LOOP ( 'NONE', ( #828, #2375, #2063, #2438, #1043, #2987, #1774, #2967, #1120, #227, #2205, #2023 ) ) ;
#1643 = EDGE_LOOP ( 'NONE', ( #1834, #1121, #1696, #48 ) ) ;
#1644 = CARTESIAN_POINT ( 'NONE',  ( 0.6644188604603699100, 0.4249999999999931600, 0.7624999999999997300 ) ) ;
#1645 = CIRCLE ( 'NONE', #2873, 0.02499999999999995600 ) ;
#1646 = ADVANCED_FACE ( 'NONE', ( #2263 ), #2544, .F. ) ;
#1647 = ORIENTED_EDGE ( 'NONE', *, *, #2117, .T. ) ;
#1648 = CARTESIAN_POINT ( 'NONE',  ( -0.6035127018419917900, 0.4249999999999931100, -0.5375000000000002000 ) ) ;
#1649 = VECTOR ( 'NONE', #420, 1000.000000000000200 ) ;
#1650 = VECTOR ( 'NONE', #857, 1000.000000000000000 ) ;
#1651 = LINE ( 'NONE', #1661, #220 ) ;
#1652 = LINE ( 'NONE', #597, #445 ) ;
#1653 = LINE ( 'NONE', #743, #2327 ) ;
#1654 = VERTEX_POINT ( 'NONE', #386 ) ;
#1655 = CARTESIAN_POINT ( 'NONE',  ( 0.7438527400053232000, 0.1465363371987157500, 0.7624999999999997300 ) ) ;
#1656 = SURFACE_STYLE_FILL_AREA ( #2213 ) ;
#1657 = CARTESIAN_POINT ( 'NONE',  ( 0.9248100461410775400, 2.710505431213761100E-017, 0.5374999999999997600 ) ) ;
#1658 = ORIENTED_EDGE ( 'NONE', *, *, #3092, .F. ) ;
#1659 = DIRECTION ( 'NONE',  ( -0.0000000000000000000, -0.0000000000000000000, -1.000000000000000000 ) ) ;
#1660 = EDGE_LOOP ( 'NONE', ( #1881, #702, #1228, #233 ) ) ;
#1661 = CARTESIAN_POINT ( 'NONE',  ( 0.6250000000000001100, 0.5999999999999930900, 0.7624999999999997300 ) ) ;
#1662 = CARTESIAN_POINT ( 'NONE',  ( 0.6644188604603699100, 0.3999999999999931400, -0.1125000000000001800 ) ) ;
#1663 = ADVANCED_FACE ( 'NONE', ( #730 ), #2380, .T. ) ;
#1664 = ORIENTED_EDGE ( 'NONE', *, *, #2683, .F. ) ;
#1665 = AXIS2_PLACEMENT_3D ( 'NONE', #2227, #2497, #1508 ) ;
#1666 = PLANE ( 'NONE',  #1474 ) ;
#1667 = DIRECTION ( 'NONE',  ( 0.0000000000000000000, -1.000000000000000000, 0.0000000000000000000 ) ) ;
#1668 = EDGE_CURVE ( 'NONE', #2605, #1525, #1250, .T. ) ;
#1669 = CARTESIAN_POINT ( 'NONE',  ( -0.8600483806071314000, 0.4415823381635436400, 0.7624999999999997300 ) ) ;
#1670 = DIRECTION ( 'NONE',  ( 0.0000000000000000000, 0.0000000000000000000, -1.000000000000000000 ) ) ;
#1671 = EDGE_LOOP ( 'NONE', ( #2964, #2686, #1157, #436 ) ) ;
#1672 = EDGE_LOOP ( 'NONE', ( #1839, #1771, #2832, #552 ) ) ;
#1673 = VERTEX_POINT ( 'NONE', #2355 ) ;
#1674 = CARTESIAN_POINT ( 'NONE',  ( -0.6250000000000001100, 0.5999999999999930900, 0.1124999999999997500 ) ) ;
#1675 = EDGE_CURVE ( 'NONE', #1171, #2350, #2039, .T. ) ;
#1676 = CARTESIAN_POINT ( 'NONE',  ( 0.6250000000000001100, 0.5999999999999930900, 0.9999999999999995600 ) ) ;
#1677 =( LENGTH_UNIT ( ) NAMED_UNIT ( * ) SI_UNIT ( .MILLI., .METRE. ) );
#1678 = UNCERTAINTY_MEASURE_WITH_UNIT (LENGTH_MEASURE( 1.000000000000000100E-005 ), #1677, 'distance_accuracy_value', 'NONE');
#1679 = LINE ( 'NONE', #1336, #2214 ) ;
#1680 = CARTESIAN_POINT ( 'NONE',  ( 0.6250000000000001100, 0.5999999999999930900, 0.9999999999999995600 ) ) ;
#1681 = EDGE_CURVE ( 'NONE', #320, #272, #649, .T. ) ;
#1682 = FACE_OUTER_BOUND ( 'NONE', #280, .T. ) ;
#1683 = VECTOR ( 'NONE', #2716, 1000.000000000000000 ) ;
#1684 = LINE ( 'NONE', #2669, #911 ) ;
#1685 = LINE ( 'NONE', #2830, #66 ) ;
#1686 = LINE ( 'NONE', #694, #729 ) ;
#1687 = LINE ( 'NONE', #2742, #149 ) ;
#1688 = PLANE ( 'NONE',  #380 ) ;
#1689 = ORIENTED_EDGE ( 'NONE', *, *, #387, .T. ) ;
#1690 = VECTOR ( 'NONE', #544, 1000.000000000000000 ) ;
#1691 = PLANE ( 'NONE',  #2272 ) ;
#1692 = ORIENTED_EDGE ( 'NONE', *, *, #164, .F. ) ;
#1693 = VERTEX_POINT ( 'NONE', #1644 ) ;
#1694 = CARTESIAN_POINT ( 'NONE',  ( -0.3636077195485476500, 1.099999999999993200, -0.7386077195485476500 ) ) ;
#1695 = EDGE_LOOP ( 'NONE', ( #885, #1940, #2999, #2050 ) ) ;
#1696 = ORIENTED_EDGE ( 'NONE', *, *, #1463, .F. ) ;
#1697 = EDGE_CURVE ( 'NONE', #1081, #1480, #2597, .T. ) ;
#1698 = EDGE_CURVE ( 'NONE', #1639, #2244, #110, .T. ) ;
#1699 = EDGE_CURVE ( 'NONE', #2584, #2427, #1794, .T. ) ;
#1700 = DIRECTION ( 'NONE',  ( 0.0000000000000000000, -0.0000000000000000000, -1.000000000000000000 ) ) ;
#1701 = DIRECTION ( 'NONE',  ( 0.0000000000000000000, 0.0000000000000000000, 1.000000000000000000 ) ) ;
#1702 = ORIENTED_EDGE ( 'NONE', *, *, #2455, .T. ) ;
#1703 = AXIS2_PLACEMENT_3D ( 'NONE', #2564, #1583, #1601 ) ;
#1704 = AXIS2_PLACEMENT_3D ( 'NONE', #234, #545, #2392 ) ;
#1705 = ORIENTED_EDGE ( 'NONE', *, *, #1927, .F. ) ;
#1706 = ORIENTED_EDGE ( 'NONE', *, *, #1067, .F. ) ;
#1707 = SURFACE_STYLE_USAGE ( .BOTH. , #241 ) ;
#1708 = EDGE_LOOP ( 'NONE', ( #1307, #969, #1818, #2433 ) ) ;
#1709 = DIRECTION ( 'NONE',  ( -0.0000000000000000000, -0.0000000000000000000, -1.000000000000000000 ) ) ;
#1710 = VERTEX_POINT ( 'NONE', #2610 ) ;
#1711 = ORIENTED_EDGE ( 'NONE', *, *, #514, .T. ) ;
#1712 = LINE ( 'NONE', #2346, #3069 ) ;
#1713 = DIRECTION ( 'NONE',  ( -1.000000000000000000, 2.750465538128683400E-015, 0.0000000000000000000 ) ) ;
#1714 = CARTESIAN_POINT ( 'NONE',  ( 0.0000000000000000000, 0.09999999999999310800, -0.9386077195485476000 ) ) ;
#1715 = FACE_OUTER_BOUND ( 'NONE', #2587, .T. ) ;
#1716 = FACE_OUTER_BOUND ( 'NONE', #2844, .T. ) ;
#1717 = ORIENTED_EDGE ( 'NONE', *, *, #333, .F. ) ;
#1718 = DIRECTION ( 'NONE',  ( 0.0000000000000000000, -1.000000000000000000, 0.0000000000000000000 ) ) ;
#1719 = VECTOR ( 'NONE', #904, 1000.000000000000000 ) ;
#1720 = VECTOR ( 'NONE', #2169, 1000.000000000000000 ) ;
#1721 = CARTESIAN_POINT ( 'NONE',  ( -0.6888725504787151000, 0.4051977922704369500, -0.5375000000000002000 ) ) ;
#1722 = VECTOR ( 'NONE', #560, 1000.000000000000100 ) ;
#1723 = EDGE_CURVE ( 'NONE', #1673, #1595, #12, .T. ) ;
#1724 = LINE ( 'NONE', #1481, #990 ) ;
#1725 = ORIENTED_EDGE ( 'NONE', *, *, #915, .T. ) ;
#1726 = CARTESIAN_POINT ( 'NONE',  ( 0.9248100461410775400, 0.1750000000000000200, 0.5374999999999997600 ) ) ;
#1727 = CARTESIAN_POINT ( 'NONE',  ( 0.9248100461410775400, 0.1850000000000000000, 0.5374999999999997600 ) ) ;
#1728 = AXIS2_PLACEMENT_3D ( 'NONE', #2279, #561, #2722 ) ;
#1729 = ORIENTED_EDGE ( 'NONE', *, *, #410, .T. ) ;
#1730 = CARTESIAN_POINT ( 'NONE',  ( -1.050000000000000000, 0.0000000000000000000, 0.7624999999999997300 ) ) ;
#1731 = ORIENTED_EDGE ( 'NONE', *, *, #1319, .F. ) ;
#1732 = VERTEX_POINT ( 'NONE', #1400 ) ;
#1733 = EDGE_CURVE ( 'NONE', #2289, #394, #1833, .T. ) ;
#1734 = EDGE_CURVE ( 'NONE', #117, #1104, #70, .T. ) ;
#1735 = EDGE_CURVE ( 'NONE', #1654, #854, #1311, .T. ) ;
#1736 = DIRECTION ( 'NONE',  ( 1.000000000000000000, 0.0000000000000000000, 0.0000000000000000000 ) ) ;
#1737 = CARTESIAN_POINT ( 'NONE',  ( 0.9248100461410775400, 2.710505431213761100E-017, 0.1124999999999997500 ) ) ;
#1738 = PRESENTATION_LAYER_ASSIGNMENT (  '', '', ( #2622 ) ) ;
#1739 = ORIENTED_EDGE ( 'NONE', *, *, #433, .T. ) ;
#1740 = CARTESIAN_POINT ( 'NONE',  ( -0.6250000000000000000, 0.5999999999999930900, -1.000000000000000000 ) ) ;
#1741 = CARTESIAN_POINT ( 'NONE',  ( -0.7438527400053232000, 0.1465363371987157500, 0.1124999999999997500 ) ) ;
#1742 = ORIENTED_EDGE ( 'NONE', *, *, #3067, .F. ) ;
#1743 = ORIENTED_EDGE ( 'NONE', *, *, #2618, .T. ) ;
#1744 = LINE ( 'NONE', #2024, #217 ) ;
#1745 = PLANE ( 'NONE',  #2303 ) ;
#1746 = PRESENTATION_STYLE_ASSIGNMENT (( #156 ) ) ;
#1747 = EDGE_CURVE ( 'NONE', #866, #2135, #524, .T. ) ;
#1748 = VECTOR ( 'NONE', #84, 1000.000000000000000 ) ;
#1749 = CIRCLE ( 'NONE', #2840, 0.009999999999999918700 ) ;
#1750 = FACE_OUTER_BOUND ( 'NONE', #2768, .T. ) ;
#1751 = EDGE_LOOP ( 'NONE', ( #947, #1658, #1402, #385 ) ) ;
#1752 = EDGE_CURVE ( 'NONE', #310, #414, #1217, .T. ) ;
#1753 = LINE ( 'NONE', #2397, #225 ) ;
#1754 = LINE ( 'NONE', #1680, #1959 ) ;
#1755 = VECTOR ( 'NONE', #152, 1000.000000000000000 ) ;
#1756 = DIRECTION ( 'NONE',  ( 1.000000000000000000, 2.165114170637245000E-016, -0.0000000000000000000 ) ) ;
#1757 = DIRECTION ( 'NONE',  ( -0.0000000000000000000, -0.0000000000000000000, -1.000000000000000000 ) ) ;
#1758 = DIRECTION ( 'NONE',  ( -1.000000000000000000, 0.0000000000000000000, 0.0000000000000000000 ) ) ;
#1759 = ORIENTED_EDGE ( 'NONE', *, *, #909, .F. ) ;
#1760 = MECHANICAL_DESIGN_GEOMETRIC_PRESENTATION_REPRESENTATION (  '', ( #2461 ), #967 ) ;
#1761 = DIRECTION ( 'NONE',  ( 1.000000000000000000, 0.0000000000000000000, 0.0000000000000000000 ) ) ;
#1762 = VERTEX_POINT ( 'NONE', #446 ) ;
#1763 = CARTESIAN_POINT ( 'NONE',  ( -0.9248100461410775400, 2.710505431213761100E-017, 0.7624999999999997300 ) ) ;
#1764 = ADVANCED_FACE ( 'NONE', ( #686 ), #405, .T. ) ;
#1765 = VERTEX_POINT ( 'NONE', #1625 ) ;
#1766 = CARTESIAN_POINT ( 'NONE',  ( 0.9248100461410775400, 0.1750000000000000400, 0.5374999999999997600 ) ) ;
#1767 = CARTESIAN_POINT ( 'NONE',  ( 0.6644188604603699100, 0.3999999999999931400, 0.5374999999999997600 ) ) ;
#1768 = ORIENTED_EDGE ( 'NONE', *, *, #2891, .T. ) ;
#1769 = ORIENTED_EDGE ( 'NONE', *, *, #2006, .T. ) ;
#1770 = DIRECTION ( 'NONE',  ( -0.0000000000000000000, -0.0000000000000000000, -1.000000000000000000 ) ) ;
#1771 = ORIENTED_EDGE ( 'NONE', *, *, #410, .F. ) ;
#1772 = EDGE_LOOP ( 'NONE', ( #1731, #1781, #1085, #1263 ) ) ;
#1773 = DIRECTION ( 'NONE',  ( 0.0000000000000000000, -0.0000000000000000000, -1.000000000000000000 ) ) ;
#1774 = ORIENTED_EDGE ( 'NONE', *, *, #1970, .T. ) ;
#1775 = ORIENTED_EDGE ( 'NONE', *, *, #1747, .T. ) ;
#1776 = CLOSED_SHELL ( 'NONE', ( #195, #2324, #1594, #448 ) ) ;
#1777 = EDGE_CURVE ( 'NONE', #3070, #1525, #2191, .T. ) ;
#1778 = PLANE ( 'NONE',  #646 ) ;
#1779 = DIRECTION ( 'NONE',  ( 0.0000000000000000000, -1.000000000000000000, 0.0000000000000000000 ) ) ;
#1780 = CARTESIAN_POINT ( 'NONE',  ( -0.6644188604603699100, 0.3999999999999931400, 0.7624999999999997300 ) ) ;
#1781 = ORIENTED_EDGE ( 'NONE', *, *, #2725, .F. ) ;
#1782 = EDGE_LOOP ( 'NONE', ( #936, #419, #610, #57 ) ) ;
#1783 = VERTEX_POINT ( 'NONE', #2395 ) ;
#1784 = PLANE ( 'NONE',  #2096 ) ;
#1785 = LINE ( 'NONE', #3094, #1019 ) ;
#1786 = CARTESIAN_POINT ( 'NONE',  ( -0.9248100461410775400, 0.1750000000000000200, 0.1124999999999997500 ) ) ;
#1787 = DIRECTION ( 'NONE',  ( -0.2079116908177530100, -0.9781476007338069100, 0.0000000000000000000 ) ) ;
#1788 = DIRECTION ( 'NONE',  ( -0.0000000000000000000, -0.0000000000000000000, -1.000000000000000000 ) ) ;
#1789 = VECTOR ( 'NONE', #1042, 1000.000000000000000 ) ;
#1790 = FACE_OUTER_BOUND ( 'NONE', #2562, .T. ) ;
#1791 = ORIENTED_EDGE ( 'NONE', *, *, #1698, .F. ) ;
#1792 = COLOUR_RGB ( '',0.7921568627450980000, 0.8196078431372548800, 0.9333333333333333500 ) ;
#1793 = CIRCLE ( 'NONE', #1056, 0.02499999999999995600 ) ;
#1794 = LINE ( 'NONE', #3068, #1352 ) ;
#1795 = FACE_OUTER_BOUND ( 'NONE', #3028, .T. ) ;
#1796 = DIRECTION ( 'NONE',  ( 1.000000000000000000, 0.0000000000000000000, 0.0000000000000000000 ) ) ;
#1797 = EDGE_CURVE ( 'NONE', #1968, #384, #1177, .T. ) ;
#1798 = EDGE_CURVE ( 'NONE', #1988, #384, #1749, .T. ) ;
#1799 = ADVANCED_FACE ( 'NONE', ( #996 ), #2159, .T. ) ;
#1800 = VERTEX_POINT ( 'NONE', #481 ) ;
#1801 = DIRECTION ( 'NONE',  ( 2.165114170637244800E-016, 1.000000000000000000, 0.0000000000000000000 ) ) ;
#1802 = CARTESIAN_POINT ( 'NONE',  ( -0.9248100461410775400, 0.1850000000000000000, 0.1124999999999997500 ) ) ;
#1803 = VERTEX_POINT ( 'NONE', #1436 ) ;
#1804 = AXIS2_PLACEMENT_3D ( 'NONE', #2800, #667, #634 ) ;
#1805 = MECHANICAL_DESIGN_GEOMETRIC_PRESENTATION_REPRESENTATION (  '', ( #2622 ), #1978 ) ;
#1806 = ORIENTED_EDGE ( 'NONE', *, *, #1362, .F. ) ;
#1807 = CARTESIAN_POINT ( 'NONE',  ( 0.5636077195485477100, 1.099999999999993200, 0.9386077195485471600 ) ) ;
#1808 = ORIENTED_EDGE ( 'NONE', *, *, #1515, .F. ) ;
#1809 = DIRECTION ( 'NONE',  ( -1.000000000000000000, 0.0000000000000000000, 0.0000000000000000000 ) ) ;
#1810 = ADVANCED_FACE ( 'NONE', ( #7 ), #2741, .F. ) ;
#1811 = AXIS2_PLACEMENT_3D ( 'NONE', #975, #952, #965 ) ;
#1812 = DIRECTION ( 'NONE',  ( 0.9925461516413219800, -0.1218693434051475200, 0.0000000000000000000 ) ) ;
#1813 = ORIENTED_EDGE ( 'NONE', *, *, #1948, .T. ) ;
#1814 = ORIENTED_EDGE ( 'NONE', *, *, #1879, .T. ) ;
#1815 = CARTESIAN_POINT ( 'NONE',  ( -0.7438527400053232000, 0.1465363371987157500, 0.5374999999999997600 ) ) ;
#1816 = ORIENTED_EDGE ( 'NONE', *, *, #778, .F. ) ;
#1817 = DIRECTION ( 'NONE',  ( 0.0000000000000000000, 0.0000000000000000000, 1.000000000000000000 ) ) ;
#1818 = ORIENTED_EDGE ( 'NONE', *, *, #2403, .F. ) ;
#1819 = CARTESIAN_POINT ( 'NONE',  ( 0.6644188604603699100, 0.3999999999999931400, 0.1124999999999997500 ) ) ;
#1820 = ORIENTED_EDGE ( 'NONE', *, *, #1035, .F. ) ;
#1821 = ORIENTED_EDGE ( 'NONE', *, *, #2293, .T. ) ;
#1822 = FACE_OUTER_BOUND ( 'NONE', #2401, .T. ) ;
#1823 = CARTESIAN_POINT ( 'NONE',  ( 1.050000000000000000, 0.1749999999999999900, -0.7625000000000001800 ) ) ;
#1824 = VECTOR ( 'NONE', #342, 1000.000000000000000 ) ;
#1825 = DIRECTION ( 'NONE',  ( -1.000000000000000000, 2.165114170637244800E-016, 0.0000000000000000000 ) ) ;
#1826 = FACE_OUTER_BOUND ( 'NONE', #715, .T. ) ;
#1827 = ADVANCED_FACE ( 'NONE', ( #1829 ), #2165, .F. ) ;
#1828 = LINE ( 'NONE', #2465, #1683 ) ;
#1829 = FACE_OUTER_BOUND ( 'NONE', #1017, .T. ) ;
#1830 = VECTOR ( 'NONE', #417, 1000.000000000000000 ) ;
#1831 = VECTOR ( 'NONE', #2040, 1000.000000000000000 ) ;
#1832 = DIRECTION ( 'NONE',  ( -1.000000000000000000, 2.165114170637244800E-016, 0.0000000000000000000 ) ) ;
#1833 = CIRCLE ( 'NONE', #1386, 0.06000000000000004600 ) ;
#1834 = ORIENTED_EDGE ( 'NONE', *, *, #1953, .T. ) ;
#1835 = CARTESIAN_POINT ( 'NONE',  ( -1.050000000000000000, 0.0000000000000000000, 0.1124999999999997500 ) ) ;
#1836 = ORIENTED_EDGE ( 'NONE', *, *, #3091, .T. ) ;
#1837 = CARTESIAN_POINT ( 'NONE',  ( 0.8600483806071314000, 0.4415823381635436400, -0.1125000000000001800 ) ) ;
#1838 = EDGE_CURVE ( 'NONE', #123, #2910, #447, .T. ) ;
#1839 = ORIENTED_EDGE ( 'NONE', *, *, #940, .T. ) ;
#1840 = CARTESIAN_POINT ( 'NONE',  ( 0.9150285701337396200, 0.1829208830918224700, 0.5374999999999997600 ) ) ;
#1841 = DIRECTION ( 'NONE',  ( -1.000000000000000000, 0.0000000000000000000, 0.0000000000000000000 ) ) ;
#1842 = ADVANCED_FACE ( 'NONE', ( #1533 ), #1993, .F. ) ;
#1843 = ORIENTED_EDGE ( 'NONE', *, *, #2232, .T. ) ;
#1844 = AXIS2_PLACEMENT_3D ( 'NONE', #510, #27, #546 ) ;
#1845 = PLANE ( 'NONE',  #304 ) ;
#1846 = CARTESIAN_POINT ( 'NONE',  ( -0.9248100461410775400, 0.1750000000000000200, -0.5375000000000002000 ) ) ;
#1847 = CARTESIAN_POINT ( 'NONE',  ( -0.9248100461410775400, 2.710505431213761100E-017, 0.7624999999999997300 ) ) ;
#1848 = CARTESIAN_POINT ( 'NONE',  ( -1.050000000000000000, 0.1749999999999999900, 0.5374999999999997600 ) ) ;
#1849 = EDGE_CURVE ( 'NONE', #394, #2289, #176, .T. ) ;
#1850 = EDGE_CURVE ( 'NONE', #214, #1904, #1028, .T. ) ;
#1851 = ORIENTED_EDGE ( 'NONE', *, *, #1068, .F. ) ;
#1852 = EDGE_CURVE ( 'NONE', #1524, #334, #1910, .T. ) ;
#1853 = DIRECTION ( 'NONE',  ( -0.0000000000000000000, -0.0000000000000000000, -1.000000000000000000 ) ) ;
#1854 = ADVANCED_FACE ( 'NONE', ( #2185 ), #2031, .T. ) ;
#1855 = ORIENTED_EDGE ( 'NONE', *, *, #293, .T. ) ;
#1856 = CARTESIAN_POINT ( 'NONE',  ( -0.9248100461410775400, 2.710505431213761100E-017, 0.7624999999999997300 ) ) ;
#1857 = ORIENTED_EDGE ( 'NONE', *, *, #1297, .T. ) ;
#1858 = ORIENTED_EDGE ( 'NONE', *, *, #1035, .T. ) ;
#1859 = ORIENTED_EDGE ( 'NONE', *, *, #1971, .F. ) ;
#1860 = CARTESIAN_POINT ( 'NONE',  ( 0.8600483806071314000, 0.4415823381635436400, 0.7624999999999997300 ) ) ;
#1861 = CIRCLE ( 'NONE', #1862, 0.2000000000000000900 ) ;
#1862 = AXIS2_PLACEMENT_3D ( 'NONE', #701, #432, #963 ) ;
#1863 =( NAMED_UNIT ( * ) SI_UNIT ( $, .STERADIAN. ) SOLID_ANGLE_UNIT ( ) );
#1864 = CARTESIAN_POINT ( 'NONE',  ( 0.6888725504787151000, 0.4051977922704369500, -0.5375000000000002000 ) ) ;
#1865 = CIRCLE ( 'NONE', #2784, 0.1850000000000000500 ) ;
#1866 = FACE_OUTER_BOUND ( 'NONE', #675, .T. ) ;
#1867 = CLOSED_SHELL ( 'NONE', ( #1114, #2578, #2563, #973, #1891, #2863, #1827, #1188, #1363, #1568, #696, #900, #1632, #2505 ) ) ;
#1868 = LINE ( 'NONE', #2836, #1248 ) ;
#1869 = FACE_OUTER_BOUND ( 'NONE', #1672, .T. ) ;
#1870 = VECTOR ( 'NONE', #1554, 1000.000000000000100 ) ;
#1871 = CIRCLE ( 'NONE', #896, 0.2000000000000000900 ) ;
#1872 = DIRECTION ( 'NONE',  ( 1.000000000000000000, 0.0000000000000000000, -0.0000000000000000000 ) ) ;
#1873 = SURFACE_SIDE_STYLE ('',( #2638 ) ) ;
#1874 = VERTEX_POINT ( 'NONE', #505 ) ;
#1875 = ADVANCED_FACE ( 'NONE', ( #2675 ), #2644, .F. ) ;
#1876 = AXIS2_PLACEMENT_3D ( 'NONE', #155, #162, #1355 ) ;
#1877 = CARTESIAN_POINT ( 'NONE',  ( -1.050000000000000000, 0.0000000000000000000, -0.1125000000000001800 ) ) ;
#1878 = VERTEX_POINT ( 'NONE', #1201 ) ;
#1879 = EDGE_CURVE ( 'NONE', #1369, #797, #259, .T. ) ;
#1880 = CARTESIAN_POINT ( 'NONE',  ( -0.3636077195485476500, 1.099999999999993200, -0.7386077195485476500 ) ) ;
#1881 = ORIENTED_EDGE ( 'NONE', *, *, #1698, .T. ) ;
#1882 = DIRECTION ( 'NONE',  ( -2.165114170637244800E-016, 1.000000000000000000, 0.0000000000000000000 ) ) ;
#1883 = EDGE_CURVE ( 'NONE', #1969, #2080, #956, .T. ) ;
#1884 = CARTESIAN_POINT ( 'NONE',  ( 0.6250000000000000000, 1.099999999999993200, -0.9386077195485476000 ) ) ;
#1885 = DIRECTION ( 'NONE',  ( -1.000000000000000000, 0.0000000000000000000, 0.0000000000000000000 ) ) ;
#1886 = ORIENTED_EDGE ( 'NONE', *, *, #72, .F. ) ;
#1887 = CARTESIAN_POINT ( 'NONE',  ( -0.9248100461410775400, 2.710505431213761100E-017, 0.5374999999999997600 ) ) ;
#1888 = AXIS2_PLACEMENT_3D ( 'NONE', #315, #1314, #1519 ) ;
#1889 = ORIENTED_EDGE ( 'NONE', *, *, #1598, .F. ) ;
#1890 = CARTESIAN_POINT ( 'NONE',  ( -0.6035127018419917900, 0.4249999999999931100, -0.5375000000000002000 ) ) ;
#1891 = ADVANCED_FACE ( 'NONE', ( #300 ), #2258, .F. ) ;
#1892 = DIRECTION ( 'NONE',  ( -1.000000000000000000, -2.165114170637244800E-016, 0.0000000000000000000 ) ) ;
#1893 = VERTEX_POINT ( 'NONE', #1443 ) ;
#1894 = DIRECTION ( 'NONE',  ( 0.0000000000000000000, 0.0000000000000000000, 1.000000000000000000 ) ) ;
#1895 = DIRECTION ( 'NONE',  ( 0.0000000000000000000, -0.0000000000000000000, -1.000000000000000000 ) ) ;
#1896 = ORIENTED_EDGE ( 'NONE', *, *, #1172, .F. ) ;
#1897 = EDGE_CURVE ( 'NONE', #1086, #2566, #2813, .T. ) ;
#1898 = CARTESIAN_POINT ( 'NONE',  ( 0.9248100461410775400, 0.1750000000000000200, -0.5375000000000002000 ) ) ;
#1899 = EDGE_CURVE ( 'NONE', #2628, #1639, #643, .T. ) ;
#1900 = EDGE_CURVE ( 'NONE', #320, #1878, #1653, .T. ) ;
#1901 = ORIENTED_EDGE ( 'NONE', *, *, #1797, .T. ) ;
#1902 = CARTESIAN_POINT ( 'NONE',  ( 0.6644188604603699100, 0.3999999999999931400, 0.1124999999999997500 ) ) ;
#1903 = ORIENTED_EDGE ( 'NONE', *, *, #1111, .T. ) ;
#1904 = VERTEX_POINT ( 'NONE', #1299 ) ;
#1905 = VECTOR ( 'NONE', #347, 1000.000000000000000 ) ;
#1906 = LINE ( 'NONE', #847, #1824 ) ;
#1907 = DIRECTION ( 'NONE',  ( -0.2079116908177525400, 0.9781476007338070200, 0.0000000000000000000 ) ) ;
#1908 = LINE ( 'NONE', #2299, #800 ) ;
#1909 = DIRECTION ( 'NONE',  ( -2.165114170637244800E-016, 1.000000000000000000, 0.0000000000000000000 ) ) ;
#1910 = CIRCLE ( 'NONE', #1590, 0.02499999999999995600 ) ;
#1911 = AXIS2_PLACEMENT_3D ( 'NONE', #2330, #1600, #1138 ) ;
#1912 = LINE ( 'NONE', #672, #1274 ) ;
#1913 = EDGE_LOOP ( 'NONE', ( #1857, #1203, #392, #2862 ) ) ;
#1914 = DIRECTION ( 'NONE',  ( 1.000000000000000000, -0.0000000000000000000, -0.0000000000000000000 ) ) ;
#1915 = CARTESIAN_POINT ( 'NONE',  ( 0.8600483806071314000, 0.4415823381635436400, 0.5374999999999997600 ) ) ;
#1916 = VECTOR ( 'NONE', #2531, 1000.000000000000000 ) ;
#1917 = LINE ( 'NONE', #1884, #1383 ) ;
#1918 = DIRECTION ( 'NONE',  ( 0.0000000000000000000, 0.0000000000000000000, 1.000000000000000000 ) ) ;
#1919 = FACE_OUTER_BOUND ( 'NONE', #616, .T. ) ;
#1920 = DIRECTION ( 'NONE',  ( -0.0000000000000000000, -0.0000000000000000000, -1.000000000000000000 ) ) ;
#1921 = LINE ( 'NONE', #1168, #1030 ) ;
#1922 = DIRECTION ( 'NONE',  ( 0.0000000000000000000, 0.0000000000000000000, 1.000000000000000000 ) ) ;
#1923 = ORIENTED_EDGE ( 'NONE', *, *, #21, .T. ) ;
#1924 = EDGE_CURVE ( 'NONE', #501, #863, #1684, .T. ) ;
#1926 = EDGE_CURVE ( 'NONE', #2491, #2472, #369, .T. ) ;
#1925 = ORIENTED_EDGE ( 'NONE', *, *, #1584, .F. ) ;
#1927 = EDGE_CURVE ( 'NONE', #2318, #1346, #2295, .T. ) ;
#1928 = DIRECTION ( 'NONE',  ( -1.000000000000000000, 0.0000000000000000000, 0.0000000000000000000 ) ) ;
#1929 = PLANE ( 'NONE',  #1442 ) ;
#1930 = DIRECTION ( 'NONE',  ( 1.000000000000000000, -2.165114170637245000E-016, 0.0000000000000000000 ) ) ;
#1931 = ORIENTED_EDGE ( 'NONE', *, *, #2246, .F. ) ;
#1932 = DIRECTION ( 'NONE',  ( -0.1218693434051477400, 0.9925461516413219800, 0.0000000000000000000 ) ) ;
#1933 = AXIS2_PLACEMENT_3D ( 'NONE', #2435, #2890, #976 ) ;
#1934 = DIRECTION ( 'NONE',  ( -1.000000000000000000, 0.0000000000000000000, 0.0000000000000000000 ) ) ;
#1935 = CLOSED_SHELL ( 'NONE', ( #1646, #1597, #1854, #2038, #208, #598, #1875, #393, #1764, #1618, #2769, #337, #1799, #826 ) ) ;
#1936 = DIRECTION ( 'NONE',  ( -0.0000000000000000000, -0.0000000000000000000, -1.000000000000000000 ) ) ;
#1937 = ORIENTED_EDGE ( 'NONE', *, *, #235, .F. ) ;
#1938 = DIRECTION ( 'NONE',  ( 0.0000000000000000000, 0.0000000000000000000, 1.000000000000000000 ) ) ;
#1939 = EDGE_LOOP ( 'NONE', ( #1008, #736, #670, #247 ) ) ;
#1940 = ORIENTED_EDGE ( 'NONE', *, *, #2599, .F. ) ;
#1941 = VERTEX_POINT ( 'NONE', #2498 ) ;
#1942 = ORIENTED_EDGE ( 'NONE', *, *, #2981, .T. ) ;
#1943 = DIRECTION ( 'NONE',  ( -0.0000000000000000000, -0.0000000000000000000, -1.000000000000000000 ) ) ;
#1944 = AXIS2_PLACEMENT_3D ( 'NONE', #2079, #2094, #1809 ) ;
#1945 = ORIENTED_EDGE ( 'NONE', *, *, #578, .F. ) ;
#1946 = ORIENTED_EDGE ( 'NONE', *, *, #1231, .F. ) ;
#1947 = PLANE ( 'NONE',  #1237 ) ;
#1948 = EDGE_CURVE ( 'NONE', #1525, #2406, #1097, .T. ) ;
#1949 = DIRECTION ( 'NONE',  ( 1.000000000000000000, 0.0000000000000000000, 0.0000000000000000000 ) ) ;
#1950 = ORIENTED_EDGE ( 'NONE', *, *, #2294, .T. ) ;
#1951 = LINE ( 'NONE', #1411, #2887 ) ;
#1952 = DIRECTION ( 'NONE',  ( -0.0000000000000000000, -0.0000000000000000000, -1.000000000000000000 ) ) ;
#1953 = EDGE_CURVE ( 'NONE', #986, #1639, #2856, .T. ) ;
#1954 = FACE_OUTER_BOUND ( 'NONE', #1671, .T. ) ;
#1955 = VECTOR ( 'NONE', #121, 1000.000000000000000 ) ;
#1956 = LINE ( 'NONE', #77, #1124 ) ;
#1957 = VECTOR ( 'NONE', #1544, 1000.000000000000000 ) ;
#1958 = APPLICATION_CONTEXT ( 'automotive_design' ) ;
#1959 = VECTOR ( 'NONE', #1435, 1000.000000000000000 ) ;
#1960 = FACE_OUTER_BOUND ( 'NONE', #1450, .T. ) ;
#1961 = CARTESIAN_POINT ( 'NONE',  ( -0.6644188604603699100, 0.3999999999999931400, 0.7624999999999997300 ) ) ;
#1962 = DIRECTION ( 'NONE',  ( 1.000000000000000000, 0.0000000000000000000, 0.0000000000000000000 ) ) ;
#1963 = LINE ( 'NONE', #2473, #1690 ) ;
#1964 = AXIS2_PLACEMENT_3D ( 'NONE', #502, #804, #54 ) ;
#1965 = CARTESIAN_POINT ( 'NONE',  ( 0.6035127018419917900, 0.4249999999999931100, 0.7624999999999997300 ) ) ;
#1966 = EDGE_LOOP ( 'NONE', ( #2377, #1364, #2952, #1633 ) ) ;
#1967 = DIRECTION ( 'NONE',  ( 1.000000000000000000, 0.0000000000000000000, -0.0000000000000000000 ) ) ;
#1968 = VERTEX_POINT ( 'NONE', #2521 ) ;
#1969 = VERTEX_POINT ( 'NONE', #596 ) ;
#1970 = EDGE_CURVE ( 'NONE', #1623, #465, #2783, .T. ) ;
#1971 = EDGE_CURVE ( 'NONE', #1346, #2252, #725, .T. ) ;
#1972 = DIRECTION ( 'NONE',  ( -0.1218693434051475200, -0.9925461516413219800, 0.0000000000000000000 ) ) ;
#1973 = ORIENTED_EDGE ( 'NONE', *, *, #2006, .F. ) ;
#1974 = ORIENTED_EDGE ( 'NONE', *, *, #2617, .F. ) ;
#1975 = PRODUCT_DEFINITION_CONTEXT ( 'detailed design', #1204, 'design' ) ;
#1976 = VERTEX_POINT ( 'NONE', #2721 ) ;
#1977 = AXIS2_PLACEMENT_3D ( 'NONE', #1662, #741, #763 ) ;
#1978 =( GEOMETRIC_REPRESENTATION_CONTEXT ( 3 ) GLOBAL_UNCERTAINTY_ASSIGNED_CONTEXT ( ( #458 ) ) GLOBAL_UNIT_ASSIGNED_CONTEXT ( ( #1406, #934, #1863 ) ) REPRESENTATION_CONTEXT ( 'NONE', 'WORKASPACE' ) );
#1979 = CARTESIAN_POINT ( 'NONE',  ( 0.8600483806071314000, 0.4415823381635436400, 0.7624999999999997300 ) ) ;
#1980 = ORIENTED_EDGE ( 'NONE', *, *, #2455, .F. ) ;
#1981 = VERTEX_POINT ( 'NONE', #345 ) ;
#1982 = VERTEX_POINT ( 'NONE', #816 ) ;
#1983 = DIRECTION ( 'NONE',  ( -1.000000000000000000, 2.750465538128683400E-015, 0.0000000000000000000 ) ) ;
#1984 = VERTEX_POINT ( 'NONE', #2051 ) ;
#1985 = ORIENTED_EDGE ( 'NONE', *, *, #507, .T. ) ;
#1986 = ORIENTED_EDGE ( 'NONE', *, *, #3048, .T. ) ;
#1987 = ORIENTED_EDGE ( 'NONE', *, *, #2276, .T. ) ;
#1988 = VERTEX_POINT ( 'NONE', #75 ) ;
#1989 = FACE_OUTER_BOUND ( 'NONE', #2210, .T. ) ;
#1990 = DIRECTION ( 'NONE',  ( 1.000000000000000000, -2.750465538128683400E-015, 0.0000000000000000000 ) ) ;
#1991 = LINE ( 'NONE', #1511, #1268 ) ;
#1992 = LINE ( 'NONE', #1229, #910 ) ;
#1993 = PLANE ( 'NONE',  #1704 ) ;
#1994 = CARTESIAN_POINT ( 'NONE',  ( 0.9248100461410775400, 0.1850000000000000000, -0.5375000000000002000 ) ) ;
#1995 = VECTOR ( 'NONE', #2489, 1000.000000000000000 ) ;
#1996 = VECTOR ( 'NONE', #998, 1000.000000000000000 ) ;
#1997 = VECTOR ( 'NONE', #1907, 1000.000000000000200 ) ;
#1998 = DIRECTION ( 'NONE',  ( -0.0000000000000000000, -0.0000000000000000000, -1.000000000000000000 ) ) ;
#1999 = LINE ( 'NONE', #655, #1755 ) ;
#2000 = ORIENTED_EDGE ( 'NONE', *, *, #1260, .T. ) ;
#2001 = CARTESIAN_POINT ( 'NONE',  ( 0.9248100461410775400, 2.710505431213761100E-017, 0.1124999999999997500 ) ) ;
#2002 = ORIENTED_EDGE ( 'NONE', *, *, #1070, .T. ) ;
#2003 = CARTESIAN_POINT ( 'NONE',  ( -0.7438527400053232000, 0.1465363371987157500, 0.7624999999999997300 ) ) ;
#2004 = EDGE_LOOP ( 'NONE', ( #3066, #1889, #2875, #2025 ) ) ;
#2005 = DIRECTION ( 'NONE',  ( 0.0000000000000000000, 0.0000000000000000000, 1.000000000000000000 ) ) ;
#2006 = EDGE_CURVE ( 'NONE', #825, #2458, #2222, .T. ) ;
#2007 = CARTESIAN_POINT ( 'NONE',  ( -0.6035127018419917900, 0.4249999999999931100, 0.5374999999999997600 ) ) ;
#2008 = DIRECTION ( 'NONE',  ( 0.2079116908177530100, 0.9781476007338069100, 0.0000000000000000000 ) ) ;
#2009 = ORIENTED_EDGE ( 'NONE', *, *, #2422, .F. ) ;
#2010 = EDGE_CURVE ( 'NONE', #2202, #1262, #1497, .T. ) ;
#2011 = CARTESIAN_POINT ( 'NONE',  ( -0.6644188604603699100, 0.4249999999999931600, -0.5375000000000002000 ) ) ;
#2012 = CARTESIAN_POINT ( 'NONE',  ( -0.9248100461410775400, 0.1850000000000000000, 0.1124999999999997500 ) ) ;
#2013 = CARTESIAN_POINT ( 'NONE',  ( 0.6888725504787151000, 0.4051977922704369500, 0.7624999999999997300 ) ) ;
#2014 = MANIFOLD_SOLID_BREP ( 'LPattern1[2]', #159 ) ;
#2015 = ADVANCED_FACE ( 'NONE', ( #492 ), #2959, .F. ) ;
#2016 = CARTESIAN_POINT ( 'NONE',  ( -0.9150285701337396200, 0.1829208830918224700, 0.7624999999999997300 ) ) ;
#2017 = AXIS2_PLACEMENT_3D ( 'NONE', #2457, #52, #1701 ) ;
#2018 = CARTESIAN_POINT ( 'NONE',  ( 0.6888725504787151000, 0.4051977922704369500, -0.7625000000000001800 ) ) ;
#2019 = PLANE ( 'NONE',  #1487 ) ;
#2020 = ORIENTED_EDGE ( 'NONE', *, *, #277, .F. ) ;
#2021 = DIRECTION ( 'NONE',  ( 0.0000000000000000000, -0.0000000000000000000, -1.000000000000000000 ) ) ;
#2022 = VERTEX_POINT ( 'NONE', #2977 ) ;
#2023 = ORIENTED_EDGE ( 'NONE', *, *, #2333, .T. ) ;
#2024 = CARTESIAN_POINT ( 'NONE',  ( -0.6035127018419917900, 0.4249999999999931100, -0.1125000000000001800 ) ) ;
#2025 = ORIENTED_EDGE ( 'NONE', *, *, #1675, .T. ) ;
#2026 = FACE_OUTER_BOUND ( 'NONE', #1643, .T. ) ;
#2027 = DIRECTION ( 'NONE',  ( -0.9925461516413219800, -0.1218693434051477400, -5.380603469508241900E-017 ) ) ;
#2028 = FACE_OUTER_BOUND ( 'NONE', #1939, .T. ) ;
#2029 = FACE_OUTER_BOUND ( 'NONE', #645, .T. ) ;
#2030 = LINE ( 'NONE', #43, #1955 ) ;
#2031 = CYLINDRICAL_SURFACE ( 'NONE', #1551, 0.2000000000000000900 ) ;
#2032 = EDGE_CURVE ( 'NONE', #1603, #59, #1055, .T. ) ;
#2033 = VECTOR ( 'NONE', #1449, 1000.000000000000000 ) ;
#2034 = EDGE_CURVE ( 'NONE', #334, #3021, #562, .T. ) ;
#2035 = FILL_AREA_STYLE ('',( #593 ) ) ;
#2036 = EDGE_CURVE ( 'NONE', #1976, #117, #1744, .T. ) ;
#2037 = LINE ( 'NONE', #2731, #37 ) ;
#2038 = ADVANCED_FACE ( 'NONE', ( #3029 ), #105, .F. ) ;
#2039 = LINE ( 'NONE', #927, #770 ) ;
#2040 = DIRECTION ( 'NONE',  ( 0.0000000000000000000, -1.000000000000000000, 0.0000000000000000000 ) ) ;
#2041 = EDGE_LOOP ( 'NONE', ( #2534, #114, #811, #3079 ) ) ;
#2042 = CIRCLE ( 'NONE', #2772, 0.2000000000000000900 ) ;
#2043 = CARTESIAN_POINT ( 'NONE',  ( -0.6035127018419917900, 0.4249999999999931100, 0.1124999999999997500 ) ) ;
#2044 = DIRECTION ( 'NONE',  ( 0.0000000000000000000, 1.000000000000000000, 0.0000000000000000000 ) ) ;
#2045 = ORIENTED_EDGE ( 'NONE', *, *, #2217, .T. ) ;
#2046 = AXIS2_PLACEMENT_3D ( 'NONE', #1509, #1284, #1073 ) ;
#2047 = CARTESIAN_POINT ( 'NONE',  ( -0.6644188604603699100, 0.5999999999999932100, -0.5375000000000002000 ) ) ;
#2048 = ORIENTED_EDGE ( 'NONE', *, *, #1735, .F. ) ;
#2049 = DIRECTION ( 'NONE',  ( 0.0000000000000000000, 0.0000000000000000000, 1.000000000000000000 ) ) ;
#2050 = ORIENTED_EDGE ( 'NONE', *, *, #1883, .T. ) ;
#2051 = CARTESIAN_POINT ( 'NONE',  ( 0.6644188604603699100, 0.5999999999999932100, -0.5375000000000002000 ) ) ;
#2052 = PLANE ( 'NONE',  #674 ) ;
#2053 = ADVANCED_FACE ( 'NONE', ( #2930 ), #1169, .F. ) ;
#2054 = EDGE_LOOP ( 'NONE', ( #281, #423, #756, #1768 ) ) ;
#2055 = AXIS2_PLACEMENT_3D ( 'NONE', #283, #865, #2541 ) ;
#2056 = DIRECTION ( 'NONE',  ( 1.000000000000000000, 0.0000000000000000000, -0.0000000000000000000 ) ) ;
#2057 = VERTEX_POINT ( 'NONE', #2777 ) ;
#2058 = ORIENTED_EDGE ( 'NONE', *, *, #2117, .F. ) ;
#2059 = CARTESIAN_POINT ( 'NONE',  ( -0.6888725504787151000, 0.4051977922704369500, -0.7625000000000001800 ) ) ;
#2060 = ORIENTED_EDGE ( 'NONE', *, *, #856, .F. ) ;
#2061 = EDGE_CURVE ( 'NONE', #2252, #16, #483, .T. ) ;
#2062 = DIRECTION ( 'NONE',  ( -0.0000000000000000000, -0.0000000000000000000, -1.000000000000000000 ) ) ;
#2063 = ORIENTED_EDGE ( 'NONE', *, *, #1723, .T. ) ;
#2064 = CARTESIAN_POINT ( 'NONE',  ( 0.8600483806071314000, 0.4415823381635436400, -0.7625000000000001800 ) ) ;
#2065 = CARTESIAN_POINT ( 'NONE',  ( -0.6035127018419917900, 0.4249999999999931100, 0.5374999999999997600 ) ) ;
#2066 = CYLINDRICAL_SURFACE ( 'NONE', #2365, 0.2000000000000000900 ) ;
#2067 = LINE ( 'NONE', #2237, #291 ) ;
#2068 = FACE_OUTER_BOUND ( 'NONE', #2356, .T. ) ;
#2069 = FACE_OUTER_BOUND ( 'NONE', #2883, .T. ) ;
#2070 = ORIENTED_EDGE ( 'NONE', *, *, #2683, .T. ) ;
#2071 = VECTOR ( 'NONE', #860, 1000.000000000000000 ) ;
#2072 = DIRECTION ( 'NONE',  ( 1.000000000000000000, 0.0000000000000000000, 0.0000000000000000000 ) ) ;
#2073 = LINE ( 'NONE', #2771, #2901 ) ;
#2074 = EDGE_CURVE ( 'NONE', #2135, #1981, #1205, .T. ) ;
#2075 = CARTESIAN_POINT ( 'NONE',  ( 0.9248100461410775400, 2.710505431213761100E-017, -0.7625000000000001800 ) ) ;
#2076 = EDGE_CURVE ( 'NONE', #810, #421, #1865, .T. ) ;
#2077 = ORIENTED_EDGE ( 'NONE', *, *, #1109, .F. ) ;
#2078 = DIRECTION ( 'NONE',  ( -0.0000000000000000000, -0.0000000000000000000, -1.000000000000000000 ) ) ;
#2079 = CARTESIAN_POINT ( 'NONE',  ( -0.6644188604603699100, 0.3999999999999931400, -0.5375000000000002000 ) ) ;
#2080 = VERTEX_POINT ( 'NONE', #1565 ) ;
#2081 = ADVANCED_FACE ( 'NONE', ( #1715 ), #2766, .F. ) ;
#2082 = AXIS2_PLACEMENT_3D ( 'NONE', #1219, #2884, #2647 ) ;
#2083 = ORIENTED_EDGE ( 'NONE', *, *, #1563, .F. ) ;
#2084 = CARTESIAN_POINT ( 'NONE',  ( -0.6644188604603699100, 0.3999999999999931400, -0.7625000000000001800 ) ) ;
#2085 = DIRECTION ( 'NONE',  ( 1.000000000000000000, 2.165114170637244800E-016, 0.0000000000000000000 ) ) ;
#2086 = EDGE_CURVE ( 'NONE', #733, #153, #2850, .T. ) ;
#2087 = EDGE_CURVE ( 'NONE', #2409, #1623, #2290, .T. ) ;
#2088 = EDGE_CURVE ( 'NONE', #1904, #962, #139, .T. ) ;
#2089 = DIRECTION ( 'NONE',  ( -1.000000000000000000, -2.750465538128683400E-015, 0.0000000000000000000 ) ) ;
#2090 = ADVANCED_FACE ( 'NONE', ( #2634 ), #2971, .F. ) ;
#2091 = DIRECTION ( 'NONE',  ( -0.0000000000000000000, 0.0000000000000000000, 1.000000000000000000 ) ) ;
#2092 = VERTEX_POINT ( 'NONE', #2243 ) ;
#2093 = VERTEX_POINT ( 'NONE', #85 ) ;
#2094 = DIRECTION ( 'NONE',  ( -0.0000000000000000000, -0.0000000000000000000, -1.000000000000000000 ) ) ;
#2095 = CARTESIAN_POINT ( 'NONE',  ( -0.6035127018419917900, 0.4249999999999931100, 0.1124999999999997500 ) ) ;
#2096 = AXIS2_PLACEMENT_3D ( 'NONE', #350, #2049, #2529 ) ;
#2097 = SURFACE_SIDE_STYLE ('',( #680 ) ) ;
#2098 = LINE ( 'NONE', #266, #1608 ) ;
#2099 = DIRECTION ( 'NONE',  ( 0.0000000000000000000, -0.0000000000000000000, 1.000000000000000000 ) ) ;
#2100 = SURFACE_STYLE_FILL_AREA ( #772 ) ;
#2101 = PRESENTATION_STYLE_ASSIGNMENT (( #671 ) ) ;
#2102 = SURFACE_STYLE_FILL_AREA ( #1016 ) ;
#2103 = SURFACE_STYLE_FILL_AREA ( #1272 ) ;
#2104 = CYLINDRICAL_SURFACE ( 'NONE', #2425, 0.2000000000000000900 ) ;
#2105 = CARTESIAN_POINT ( 'NONE',  ( -0.9248100461410775400, 0.1850000000000000000, -0.1125000000000001800 ) ) ;
#2106 = ORIENTED_EDGE ( 'NONE', *, *, #778, .T. ) ;
#2107 = CIRCLE ( 'NONE', #370, 0.02499999999999995600 ) ;
#2108 = CARTESIAN_POINT ( 'NONE',  ( -0.3636077195485476500, 0.8802943725152218000, -0.7386077195485476500 ) ) ;
#2109 = VECTOR ( 'NONE', #2158, 1000.000000000000000 ) ;
#2110 = LINE ( 'NONE', #2753, #1469 ) ;
#2111 = ADVANCED_FACE ( 'NONE', ( #1494 ), #2445, .F. ) ;
#2112 = FILL_AREA_STYLE ('',( #1137 ) ) ;
#2113 = LINE ( 'NONE', #2697, #688 ) ;
#2114 = DIRECTION ( 'NONE',  ( 0.0000000000000000000, 0.0000000000000000000, 1.000000000000000000 ) ) ;
#2115 = ORIENTED_EDGE ( 'NONE', *, *, #1197, .F. ) ;
#2116 = DIRECTION ( 'NONE',  ( -1.000000000000000000, 0.0000000000000000000, 0.0000000000000000000 ) ) ;
#2117 = EDGE_CURVE ( 'NONE', #1504, #1012, #62, .T. ) ;
#2118 = CARTESIAN_POINT ( 'NONE',  ( 0.8600483806071314000, 0.4415823381635436400, 0.7624999999999997300 ) ) ;
#2119 = ORIENTED_EDGE ( 'NONE', *, *, #168, .T. ) ;
#2120 =( NAMED_UNIT ( * ) SI_UNIT ( $, .STERADIAN. ) SOLID_ANGLE_UNIT ( ) );
#2121 = CARTESIAN_POINT ( 'NONE',  ( 1.050000000000000000, 0.1749999999999999900, 0.1124999999999997500 ) ) ;
#2122 = ORIENTED_EDGE ( 'NONE', *, *, #2087, .F. ) ;
#2123 = CARTESIAN_POINT ( 'NONE',  ( -0.6644188604603699100, 0.3999999999999931400, -0.1125000000000001800 ) ) ;
#2124 = AXIS2_PLACEMENT_3D ( 'NONE', #2480, #29, #1023 ) ;
#2125 = CARTESIAN_POINT ( 'NONE',  ( 0.9248100461410775400, 0.1850000000000000000, 0.7624999999999997300 ) ) ;
#2126 = ADVANCED_FACE ( 'NONE', ( #2592 ), #1745, .T. ) ;
#2127 = DIRECTION ( 'NONE',  ( -0.0000000000000000000, 0.0000000000000000000, -1.000000000000000000 ) ) ;
#2128 = ORIENTED_EDGE ( 'NONE', *, *, #375, .T. ) ;
#2129 = CARTESIAN_POINT ( 'NONE',  ( 1.050000000000000000, 0.0000000000000000000, -0.7625000000000001800 ) ) ;
#2130 = DIRECTION ( 'NONE',  ( -0.0000000000000000000, -0.0000000000000000000, -1.000000000000000000 ) ) ;
#2131 = CARTESIAN_POINT ( 'NONE',  ( -0.8600483806071314000, 0.4415823381635436400, 0.1124999999999997500 ) ) ;
#2132 = DIRECTION ( 'NONE',  ( -0.0000000000000000000, -1.000000000000000000, -0.0000000000000000000 ) ) ;
#2133 = ORIENTED_EDGE ( 'NONE', *, *, #250, .T. ) ;
#2134 = EDGE_CURVE ( 'NONE', #214, #2751, #2067, .T. ) ;
#2135 = VERTEX_POINT ( 'NONE', #809 ) ;
#2136 = EDGE_CURVE ( 'NONE', #1369, #2315, #3073, .T. ) ;
#2137 = DIRECTION ( 'NONE',  ( 1.000000000000000000, 0.0000000000000000000, -0.0000000000000000000 ) ) ;
#2138 = EDGE_LOOP ( 'NONE', ( #301, #981, #1638, #1182 ) ) ;
#2139 = ORIENTED_EDGE ( 'NONE', *, *, #1752, .T. ) ;
#2140 = CARTESIAN_POINT ( 'NONE',  ( 0.9150285701337396200, 0.1829208830918224700, 0.1124999999999997500 ) ) ;
#2141 = ADVANCED_FACE ( 'NONE', ( #798 ), #2548, .T. ) ;
#2142 = AXIS2_PLACEMENT_3D ( 'NONE', #1190, #2588, #3087 ) ;
#2143 = VECTOR ( 'NONE', #2287, 1000.000000000000000 ) ;
#2144 = CARTESIAN_POINT ( 'NONE',  ( 0.6888725504787151000, 0.4051977922704369500, 0.1124999999999997500 ) ) ;
#2145 = LINE ( 'NONE', #1331, #1573 ) ;
#2146 = CYLINDRICAL_SURFACE ( 'NONE', #742, 0.1850000000000000500 ) ;
#2147 = DIRECTION ( 'NONE',  ( -0.0000000000000000000, 0.0000000000000000000, 1.000000000000000000 ) ) ;
#2148 = VECTOR ( 'NONE', #2749, 1000.000000000000000 ) ;
#2149 = DIRECTION ( 'NONE',  ( -0.2079116908177530100, -0.9781476007338069100, 0.0000000000000000000 ) ) ;
#2150 = LINE ( 'NONE', #1476, #1499 ) ;
#2151 = PLANE ( 'NONE',  #1323 ) ;
#2152 = CARTESIAN_POINT ( 'NONE',  ( -0.6888725504787151000, 0.4051977922704369500, -0.1125000000000001800 ) ) ;
#2153 = ORIENTED_EDGE ( 'NONE', *, *, #2232, .F. ) ;
#2154 = AXIS2_PLACEMENT_3D ( 'NONE', #2776, #145, #879 ) ;
#2155 = DIRECTION ( 'NONE',  ( -0.0000000000000000000, -0.0000000000000000000, -1.000000000000000000 ) ) ;
#2156 = UNCERTAINTY_MEASURE_WITH_UNIT (LENGTH_MEASURE( 1.000000000000000100E-005 ), #2362, 'distance_accuracy_value', 'NONE');
#2157 = ORIENTED_EDGE ( 'NONE', *, *, #538, .F. ) ;
#2158 = DIRECTION ( 'NONE',  ( 1.000000000000000000, 2.165114170637245000E-016, -0.0000000000000000000 ) ) ;
#2159 = PLANE ( 'NONE',  #42 ) ;
#2160 = ORIENTED_EDGE ( 'NONE', *, *, #3008, .F. ) ;
#2161 = DIRECTION ( 'NONE',  ( -0.0000000000000000000, 1.000000000000000000, -0.0000000000000000000 ) ) ;
#2162 = CARTESIAN_POINT ( 'NONE',  ( -1.050000000000000000, 0.0000000000000000000, -0.5375000000000002000 ) ) ;
#2163 = CARTESIAN_POINT ( 'NONE',  ( 0.9248100461410775400, 0.1750000000000000400, 0.1124999999999997500 ) ) ;
#2164 = ORIENTED_EDGE ( 'NONE', *, *, #1641, .F. ) ;
#2165 = PLANE ( 'NONE',  #418 ) ;
#2166 = DIRECTION ( 'NONE',  ( 0.0000000000000000000, 0.0000000000000000000, 1.000000000000000000 ) ) ;
#2167 = VERTEX_POINT ( 'NONE', #574 ) ;
#2168 = FILL_AREA_STYLE_COLOUR ( '', #2630 ) ;
#2169 = DIRECTION ( 'NONE',  ( -0.0000000000000000000, -0.0000000000000000000, -1.000000000000000000 ) ) ;
#2170 = ORIENTED_EDGE ( 'NONE', *, *, #2968, .F. ) ;
#2171 = DIRECTION ( 'NONE',  ( -0.0000000000000000000, -0.0000000000000000000, -1.000000000000000000 ) ) ;
#2172 = EDGE_CURVE ( 'NONE', #1693, #2022, #1991, .T. ) ;
#2173 = EDGE_LOOP ( 'NONE', ( #2128, #2388, #2586, #632 ) ) ;
#2174 = ORIENTED_EDGE ( 'NONE', *, *, #2496, .T. ) ;
#2175 = CARTESIAN_POINT ( 'NONE',  ( 0.9248100461410775400, 0.1850000000000000000, 0.1124999999999997500 ) ) ;
#2176 = DIRECTION ( 'NONE',  ( -0.2079116908177530100, 0.9781476007338069100, 0.0000000000000000000 ) ) ;
#2177 = EDGE_CURVE ( 'NONE', #1968, #2584, #441, .T. ) ;
#2178 = FACE_OUTER_BOUND ( 'NONE', #944, .T. ) ;
#2179 = LINE ( 'NONE', #237, #1527 ) ;
#2180 = CARTESIAN_POINT ( 'NONE',  ( -0.9150285701337396200, 0.1829208830918224700, 0.1124999999999997500 ) ) ;
#2181 = CYLINDRICAL_SURFACE ( 'NONE', #2590, 0.1850000000000000500 ) ;
#2182 = CARTESIAN_POINT ( 'NONE',  ( 0.6035127018419917900, 0.4249999999999931100, 0.1124999999999997500 ) ) ;
#2183 = LINE ( 'NONE', #1150, #801 ) ;
#2184 = DIRECTION ( 'NONE',  ( -0.9781476007338071300, 0.2079116908177525700, 0.0000000000000000000 ) ) ;
#2185 = FACE_OUTER_BOUND ( 'NONE', #1007, .T. ) ;
#2186 = FACE_OUTER_BOUND ( 'NONE', #2789, .T. ) ;
#2187 = CARTESIAN_POINT ( 'NONE',  ( -0.6250000000000001100, 0.5999999999999930900, -0.5375000000000002000 ) ) ;
#2188 = LINE ( 'NONE', #376, #1214 ) ;
#2189 = FACE_OUTER_BOUND ( 'NONE', #1642, .T. ) ;
#2190 = CARTESIAN_POINT ( 'NONE',  ( -0.9248100461410775400, 2.710505431213761100E-017, 0.1124999999999997500 ) ) ;
#2191 = LINE ( 'NONE', #459, #2526 ) ;
#2192 = LINE ( 'NONE', #985, #2859 ) ;
#2193 = ORIENTED_EDGE ( 'NONE', *, *, #2076, .F. ) ;
#2195 = EDGE_CURVE ( 'NONE', #2396, #2517, #520, .T. ) ;
#2194 = EDGE_LOOP ( 'NONE', ( #3020, #1332, #1821, #1465 ) ) ;
#2196 = EDGE_CURVE ( 'NONE', #2451, #1988, #720, .T. ) ;
#2197 = EDGE_CURVE ( 'NONE', #863, #1976, #1342, .T. ) ;
#2198 = SURFACE_SIDE_STYLE ('',( #2102 ) ) ;
#2199 = ORIENTED_EDGE ( 'NONE', *, *, #835, .T. ) ;
#2200 = ORIENTED_EDGE ( 'NONE', *, *, #623, .T. ) ;
#2201 = PLANE ( 'NONE',  #625 ) ;
#2202 = VERTEX_POINT ( 'NONE', #1503 ) ;
#2203 = AXIS2_PLACEMENT_3D ( 'NONE', #2755, #1773, #89 ) ;
#2204 = DIRECTION ( 'NONE',  ( 0.0000000000000000000, -1.000000000000000000, 0.0000000000000000000 ) ) ;
#2205 = ORIENTED_EDGE ( 'NONE', *, *, #1232, .T. ) ;
#2206 = ORIENTED_EDGE ( 'NONE', *, *, #2983, .T. ) ;
#2207 = CARTESIAN_POINT ( 'NONE',  ( 0.6250000000000000000, 0.5999999999999930900, -1.000000000000000000 ) ) ;
#2208 = CARTESIAN_POINT ( 'NONE',  ( -0.6250000000000001100, 0.5999999999999930900, -0.1125000000000001800 ) ) ;
#2209 = CLOSED_SHELL ( 'NONE', ( #1426, #118, #615, #2015, #582, #2874, #413, #2565, #2141, #628, #426, #938, #2843, #2399 ) ) ;
#2210 = EDGE_LOOP ( 'NONE', ( #3099, #395, #154, #2199 ) ) ;
#2211 =( GEOMETRIC_REPRESENTATION_CONTEXT ( 3 ) GLOBAL_UNCERTAINTY_ASSIGNED_CONTEXT ( ( #2574 ) ) GLOBAL_UNIT_ASSIGNED_CONTEXT ( ( #424, #658, #2120 ) ) REPRESENTATION_CONTEXT ( 'NONE', 'WORKASPACE' ) );
#2212 = EDGE_LOOP ( 'NONE', ( #1489, #430, #285, #2106 ) ) ;
#2213 = FILL_AREA_STYLE ('',( #253 ) ) ;
#2214 = VECTOR ( 'NONE', #1353, 1000.000000000000000 ) ;
#2215 = SURFACE_STYLE_USAGE ( .BOTH. , #2198 ) ;
#2216 = ORIENTED_EDGE ( 'NONE', *, *, #2293, .F. ) ;
#2217 = EDGE_CURVE ( 'NONE', #2202, #1086, #1956, .T. ) ;
#2218 = VECTOR ( 'NONE', #1718, 1000.000000000000000 ) ;
#2219 = VECTOR ( 'NONE', #2266, 1000.000000000000000 ) ;
#2220 = FACE_OUTER_BOUND ( 'NONE', #165, .T. ) ;
#2221 = LINE ( 'NONE', #2888, #955 ) ;
#2222 = LINE ( 'NONE', #838, #2148 ) ;
#2223 = ORIENTED_EDGE ( 'NONE', *, *, #113, .T. ) ;
#2224 = CARTESIAN_POINT ( 'NONE',  ( 1.050000000000000000, 0.1749999999999999900, 0.5374999999999997600 ) ) ;
#2225 = LINE ( 'NONE', #1528, #2450 ) ;
#2226 = AXIS2_PLACEMENT_3D ( 'NONE', #1694, #255, #1938 ) ;
#2227 = CARTESIAN_POINT ( 'NONE',  ( -0.6644188604603699100, 0.3999999999999931400, 0.1124999999999997500 ) ) ;
#2228 = ORIENTED_EDGE ( 'NONE', *, *, #2573, .T. ) ;
#2229 = EDGE_LOOP ( 'NONE', ( #209, #1045, #166, #637 ) ) ;
#2230 = VERTEX_POINT ( 'NONE', #1655 ) ;
#2231 = CARTESIAN_POINT ( 'NONE',  ( 0.6250000000000000000, 0.5999999999999930900, -1.000000000000000000 ) ) ;
#2232 = EDGE_CURVE ( 'NONE', #779, #1256, #4, .T. ) ;
#2233 = EDGE_CURVE ( 'NONE', #2785, #93, #1094, .T. ) ;
#2234 = CARTESIAN_POINT ( 'NONE',  ( 0.6888725504787151000, 0.4051977922704369500, 0.1124999999999997500 ) ) ;
#2235 = VERTEX_POINT ( 'NONE', #1185 ) ;
#2236 = DIRECTION ( 'NONE',  ( 0.0000000000000000000, 0.0000000000000000000, 1.000000000000000000 ) ) ;
#2237 = CARTESIAN_POINT ( 'NONE',  ( 1.050000000000000000, 0.0000000000000000000, 0.7624999999999997300 ) ) ;
#2238 = AXIS2_PLACEMENT_3D ( 'NONE', #431, #203, #2114 ) ;
#2239 = CARTESIAN_POINT ( 'NONE',  ( 0.6888725504787151000, 0.4051977922704369500, -0.1125000000000001800 ) ) ;
#2240 = EDGE_LOOP ( 'NONE', ( #2816, #2077, #3012, #1743 ) ) ;
#2241 = CARTESIAN_POINT ( 'NONE',  ( 1.050000000000000000, 0.1749999999999999900, -0.7625000000000001800 ) ) ;
#2242 = MANIFOLD_SOLID_BREP ( 'LPattern1[1]', #922 ) ;
#2243 = CARTESIAN_POINT ( 'NONE',  ( -0.6644188604603699100, 0.4249999999999931600, 0.5374999999999997600 ) ) ;
#2244 = VERTEX_POINT ( 'NONE', #2580 ) ;
#2245 = VERTEX_POINT ( 'NONE', #2606 ) ;
#2246 = EDGE_CURVE ( 'NONE', #2482, #2792, #1304, .T. ) ;
#2247 = DIRECTION ( 'NONE',  ( -0.0000000000000000000, 0.0000000000000000000, 1.000000000000000000 ) ) ;
#2248 = EDGE_CURVE ( 'NONE', #2339, #1389, #1024, .T. ) ;
#2249 = CARTESIAN_POINT ( 'NONE',  ( 0.6250000000000001100, 0.5999999999999930900, -0.5375000000000002000 ) ) ;
#2250 = VECTOR ( 'NONE', #2984, 1000.000000000000000 ) ;
#2251 = CYLINDRICAL_SURFACE ( 'NONE', #317, 0.2000000000000000900 ) ;
#2252 = VERTEX_POINT ( 'NONE', #294 ) ;
#2253 = DIRECTION ( 'NONE',  ( 0.0000000000000000000, 0.0000000000000000000, 1.000000000000000000 ) ) ;
#2254 = SURFACE_STYLE_FILL_AREA ( #3010 ) ;
#2255 = LINE ( 'NONE', #2490, #2554 ) ;
#2256 = CARTESIAN_POINT ( 'NONE',  ( -0.6035127018419917900, 0.4249999999999931100, -0.5375000000000002000 ) ) ;
#2257 = DIRECTION ( 'NONE',  ( 0.9781476007338071300, 0.2079116908177525700, 0.0000000000000000000 ) ) ;
#2258 = CYLINDRICAL_SURFACE ( 'NONE', #240, 0.009999999999999918700 ) ;
#2259 = VECTOR ( 'NONE', #1885, 1000.000000000000000 ) ;
#2260 = EDGE_LOOP ( 'NONE', ( #2402, #169, #2754, #2361 ) ) ;
#2261 = FACE_OUTER_BOUND ( 'NONE', #651, .T. ) ;
#2262 = LINE ( 'NONE', #2900, #685 ) ;
#2263 = FACE_OUTER_BOUND ( 'NONE', #2054, .T. ) ;
#2264 = VECTOR ( 'NONE', #2393, 1000.000000000000000 ) ;
#2265 = CARTESIAN_POINT ( 'NONE',  ( -0.8600483806071314000, 0.4415823381635436400, 0.5374999999999997600 ) ) ;
#2266 = DIRECTION ( 'NONE',  ( -1.000000000000000000, 0.0000000000000000000, 0.0000000000000000000 ) ) ;
#2267 = ORIENTED_EDGE ( 'NONE', *, *, #858, .F. ) ;
#2268 = ORIENTED_EDGE ( 'NONE', *, *, #2513, .T. ) ;
#2269 = ADVANCED_FACE ( 'NONE', ( #1822 ), #1464, .F. ) ;
#2270 = DIRECTION ( 'NONE',  ( -1.000000000000000000, 0.0000000000000000000, 0.0000000000000000000 ) ) ;
#2271 = ORIENTED_EDGE ( 'NONE', *, *, #252, .F. ) ;
#2272 = AXIS2_PLACEMENT_3D ( 'NONE', #1452, #2670, #286 ) ;
#2273 = ORIENTED_EDGE ( 'NONE', *, *, #1640, .T. ) ;
#2274 = DIRECTION ( 'NONE',  ( 0.1218693434051477400, 0.9925461516413219800, 0.0000000000000000000 ) ) ;
#2275 = ORIENTED_EDGE ( 'NONE', *, *, #2496, .F. ) ;
#2276 = EDGE_CURVE ( 'NONE', #2491, #117, #726, .T. ) ;
#2277 = DIRECTION ( 'NONE',  ( -1.000000000000000000, 0.0000000000000000000, 0.0000000000000000000 ) ) ;
#2278 = DIRECTION ( 'NONE',  ( 0.2079116908177525400, 0.9781476007338070200, -0.0000000000000000000 ) ) ;
#2279 = CARTESIAN_POINT ( 'NONE',  ( 0.6644188604603699100, 0.3999999999999931400, -0.7625000000000001800 ) ) ;
#2280 = ORIENTED_EDGE ( 'NONE', *, *, #2136, .T. ) ;
#2281 = CARTESIAN_POINT ( 'NONE',  ( -0.9248100461410775400, 0.1850000000000000000, 0.7624999999999997300 ) ) ;
#2282 = AXIS2_PLACEMENT_3D ( 'NONE', #1445, #2432, #737 ) ;
#2283 = CARTESIAN_POINT ( 'NONE',  ( -0.3636077195485476500, 1.049999999999993200, -0.7986077195485477000 ) ) ;
#2284 = ADVANCED_FACE ( 'NONE', ( #906 ), #2519, .F. ) ;
#2285 = DIRECTION ( 'NONE',  ( -1.000000000000000000, 0.0000000000000000000, 0.0000000000000000000 ) ) ;
#2286 = ORIENTED_EDGE ( 'NONE', *, *, #409, .T. ) ;
#2287 = DIRECTION ( 'NONE',  ( 1.000000000000000000, -2.165114170637245000E-016, 0.0000000000000000000 ) ) ;
#2288 = DIRECTION ( 'NONE',  ( 2.165114170637244800E-016, 1.000000000000000000, 0.0000000000000000000 ) ) ;
#2289 = VERTEX_POINT ( 'NONE', #2657 ) ;
#2290 = LINE ( 'NONE', #3001, #1246 ) ;
#2291 = DIRECTION ( 'NONE',  ( 0.0000000000000000000, 0.0000000000000000000, 1.000000000000000000 ) ) ;
#2292 = CIRCLE ( 'NONE', #2839, 0.2000000000000000900 ) ;
#2293 = EDGE_CURVE ( 'NONE', #2637, #1504, #1614, .T. ) ;
#2294 = EDGE_CURVE ( 'NONE', #1762, #1710, #2814, .T. ) ;
#2295 = LINE ( 'NONE', #1559, #144 ) ;
#2296 = CARTESIAN_POINT ( 'NONE',  ( -0.6644188604603699100, 0.5999999999999932100, -0.7625000000000001800 ) ) ;
#2297 = CIRCLE ( 'NONE', #1665, 0.02499999999999995600 ) ;
#2298 = DIRECTION ( 'NONE',  ( -0.9781476007338070200, -0.2079116908177530400, 0.0000000000000000000 ) ) ;
#2299 = CARTESIAN_POINT ( 'NONE',  ( -0.8600483806071314000, 0.4415823381635436400, 0.7624999999999997300 ) ) ;
#2300 = ADVANCED_FACE ( 'NONE', ( #2481 ), #2151, .F. ) ;
#2301 = VECTOR ( 'NONE', #2607, 1000.000000000000100 ) ;
#2302 = AXIS2_PLACEMENT_3D ( 'NONE', #775, #50, #2924 ) ;
#2303 = AXIS2_PLACEMENT_3D ( 'NONE', #1538, #2027, #827 ) ;
#2304 = DIRECTION ( 'NONE',  ( 0.0000000000000000000, 0.0000000000000000000, 1.000000000000000000 ) ) ;
#2305 = ORIENTED_EDGE ( 'NONE', *, *, #578, .T. ) ;
#2306 = DIRECTION ( 'NONE',  ( 0.0000000000000000000, -0.0000000000000000000, -1.000000000000000000 ) ) ;
#2307 = ORIENTED_EDGE ( 'NONE', *, *, #1849, .F. ) ;
#2308 = CARTESIAN_POINT ( 'NONE',  ( -0.8600483806071314000, 0.4415823381635436400, 0.5374999999999997600 ) ) ;
#2309 = DIRECTION ( 'NONE',  ( 0.1209742911513548300, -0.9852565360152931700, 0.1209742911513548300 ) ) ;
#2310 = PRESENTATION_LAYER_ASSIGNMENT (  '', '', ( #1397 ) ) ;
#2311 = DIRECTION ( 'NONE',  ( 0.2079116908177525400, -0.9781476007338070200, 0.0000000000000000000 ) ) ;
#2312 = CARTESIAN_POINT ( 'NONE',  ( -1.050000000000000000, 0.1749999999999999900, -0.5375000000000002000 ) ) ;
#2313 = SURFACE_SIDE_STYLE ('',( #2254 ) ) ;
#2314 =( GEOMETRIC_REPRESENTATION_CONTEXT ( 3 ) GLOBAL_UNCERTAINTY_ASSIGNED_CONTEXT ( ( #1115 ) ) GLOBAL_UNIT_ASSIGNED_CONTEXT ( ( #1479, #1005, #1447 ) ) REPRESENTATION_CONTEXT ( 'NONE', 'WORKASPACE' ) );
#2315 = VERTEX_POINT ( 'NONE', #1223 ) ;
#2316 = DIRECTION ( 'NONE',  ( -2.165114170637244800E-016, -1.000000000000000000, 0.0000000000000000000 ) ) ;
#2317 = EDGE_LOOP ( 'NONE', ( #51, #127, #3081, #2357 ) ) ;
#2318 = VERTEX_POINT ( 'NONE', #2629 ) ;
#2319 = CARTESIAN_POINT ( 'NONE',  ( 0.9248100461410775400, 0.1750000000000000200, 0.1124999999999997500 ) ) ;
#2320 = ORIENTED_EDGE ( 'NONE', *, *, #2516, .F. ) ;
#2321 = PLANE ( 'NONE',  #273 ) ;
#2322 = COLOUR_RGB ( '',0.7921568627450980000, 0.8196078431372548800, 0.9333333333333333500 ) ;
#2323 = LINE ( 'NONE', #2239, #1170 ) ;
#2324 = ADVANCED_FACE ( 'NONE', ( #171 ), #178, .T. ) ;
#2325 = VECTOR ( 'NONE', #2130, 1000.000000000000000 ) ;
#2326 = LINE ( 'NONE', #1726, #2674 ) ;
#2327 = VECTOR ( 'NONE', #2907, 1000.000000000000000 ) ;
#2328 = LINE ( 'NONE', #1370, #1051 ) ;
#2329 = CIRCLE ( 'NONE', #2226, 0.06000000000000004600 ) ;
#2330 = CARTESIAN_POINT ( 'NONE',  ( 0.6888725504787151000, 0.4051977922704369500, -0.5375000000000002000 ) ) ;
#2331 = LINE ( 'NONE', #1280, #3037 ) ;
#2332 = CARTESIAN_POINT ( 'NONE',  ( 0.8600483806071314000, 0.4415823381635436400, 0.5374999999999997600 ) ) ;
#2333 = EDGE_CURVE ( 'NONE', #272, #2665, #1457, .T. ) ;
#2334 = ORIENTED_EDGE ( 'NONE', *, *, #894, .F. ) ;
#2335 = VECTOR ( 'NONE', #47, 1000.000000000000000 ) ;
#2336 = CARTESIAN_POINT ( 'NONE',  ( -0.6250000000000001100, 0.5999999999999930900, 0.9999999999999995600 ) ) ;
#2337 = CARTESIAN_POINT ( 'NONE',  ( 0.6644188604603699100, 0.3999999999999931400, -0.1125000000000001800 ) ) ;
#2338 = DIRECTION ( 'NONE',  ( 0.0000000000000000000, 1.000000000000000000, -0.0000000000000000000 ) ) ;
#2339 = VERTEX_POINT ( 'NONE', #452 ) ;
#2340 = SURFACE_STYLE_USAGE ( .BOTH. , #2097 ) ;
#2341 = PRESENTATION_LAYER_ASSIGNMENT (  '', '', ( #2394 ) ) ;
#2342 = EDGE_LOOP ( 'NONE', ( #455, #2927, #535, #1354 ) ) ;
#2343 = PLANE ( 'NONE',  #94 ) ;
#2344 = ADVANCED_FACE ( 'NONE', ( #2961, #2671 ), #2604, .T. ) ;
#2345 = ORIENTED_EDGE ( 'NONE', *, *, #2713, .F. ) ;
#2346 = CARTESIAN_POINT ( 'NONE',  ( 0.0000000000000000000, 0.09999999999999310800, 0.9386077195485471600 ) ) ;
#2347 = DIRECTION ( 'NONE',  ( -0.2079116908177530100, 0.9781476007338069100, 0.0000000000000000000 ) ) ;
#2348 =( NAMED_UNIT ( * ) PLANE_ANGLE_UNIT ( ) SI_UNIT ( $, .RADIAN. ) );
#2349 = PLANE ( 'NONE',  #982 ) ;
#2350 = VERTEX_POINT ( 'NONE', #2819 ) ;
#2351 = EDGE_CURVE ( 'NONE', #384, #2427, #2328, .T. ) ;
#2352 = ORIENTED_EDGE ( 'NONE', *, *, #2727, .T. ) ;
#2353 = EDGE_CURVE ( 'NONE', #1478, #1762, #3033, .T. ) ;
#2354 = EDGE_CURVE ( 'NONE', #1393, #2289, #100, .T. ) ;
#2355 = CARTESIAN_POINT ( 'NONE',  ( 0.6644188604603699100, 0.5999999999999932100, -0.7625000000000001800 ) ) ;
#2356 = EDGE_LOOP ( 'NONE', ( #795, #1052, #205, #339, #661, #1037, #2747, #1122, #2627, #586, #1946, #1626 ) ) ;
#2357 = ORIENTED_EDGE ( 'NONE', *, *, #235, .T. ) ;
#2358 = PLANE ( 'NONE',  #540 ) ;
#2359 = DIRECTION ( 'NONE',  ( -1.000000000000000000, -2.750465538128683400E-015, 0.0000000000000000000 ) ) ;
#2360 = DIRECTION ( 'NONE',  ( -0.0000000000000000000, -0.0000000000000000000, -1.000000000000000000 ) ) ;
#2361 = ORIENTED_EDGE ( 'NONE', *, *, #2032, .T. ) ;
#2362 =( LENGTH_UNIT ( ) NAMED_UNIT ( * ) SI_UNIT ( .MILLI., .METRE. ) );
#2363 = ORIENTED_EDGE ( 'NONE', *, *, #1067, .T. ) ;
#2364 = ADVANCED_FACE ( 'NONE', ( #834 ), #2349, .F. ) ;
#2365 = AXIS2_PLACEMENT_3D ( 'NONE', #2386, #710, #2116 ) ;
#2366 = AXIS2_PLACEMENT_3D ( 'NONE', #1531, #2298, #2539 ) ;
#2367 = CARTESIAN_POINT ( 'NONE',  ( -0.9248100461410775400, 2.710505431213761100E-017, 0.7624999999999997300 ) ) ;
#2368 = ORIENTED_EDGE ( 'NONE', *, *, #940, .F. ) ;
#2369 = DIRECTION ( 'NONE',  ( 1.000000000000000000, 0.0000000000000000000, 0.0000000000000000000 ) ) ;
#2370 = LINE ( 'NONE', #3006, #758 ) ;
#2371 = DIRECTION ( 'NONE',  ( -1.000000000000000000, 0.0000000000000000000, 0.0000000000000000000 ) ) ;
#2372 = VECTOR ( 'NONE', #201, 1000.000000000000000 ) ;
#2373 = VECTOR ( 'NONE', #44, 1000.000000000000000 ) ;
#2374 = DIRECTION ( 'NONE',  ( 1.000000000000000000, 0.0000000000000000000, 0.0000000000000000000 ) ) ;
#2375 = ORIENTED_EDGE ( 'NONE', *, *, #1149, .T. ) ;
#2376 = VECTOR ( 'NONE', #889, 1000.000000000000000 ) ;
#2377 = ORIENTED_EDGE ( 'NONE', *, *, #507, .F. ) ;
#2378 = DIRECTION ( 'NONE',  ( 0.2079116908177530100, -0.9781476007338069100, 0.0000000000000000000 ) ) ;
#2379 = LINE ( 'NONE', #2960, #559 ) ;
#2380 = CYLINDRICAL_SURFACE ( 'NONE', #588, 0.2000000000000000900 ) ;
#2381 = MECHANICAL_DESIGN_GEOMETRIC_PRESENTATION_REPRESENTATION (  '', ( #1397 ), #705 ) ;
#2382 = VECTOR ( 'NONE', #83, 1000.000000000000000 ) ;
#2383 = CARTESIAN_POINT ( 'NONE',  ( 0.6644188604603699100, 0.3999999999999931400, -0.7625000000000001800 ) ) ;
#2384 = CIRCLE ( 'NONE', #2454, 0.06000000000000004600 ) ;
#2385 = ADVANCED_FACE ( 'NONE', ( #2186 ), #187, .F. ) ;
#2386 = CARTESIAN_POINT ( 'NONE',  ( -0.6644188604603699100, 0.3999999999999931400, 0.1124999999999997500 ) ) ;
#2387 = EDGE_CURVE ( 'NONE', #1732, #2866, #563, .T. ) ;
#2388 = ORIENTED_EDGE ( 'NONE', *, *, #2196, .F. ) ;
#2389 =( NAMED_UNIT ( * ) SI_UNIT ( $, .STERADIAN. ) SOLID_ANGLE_UNIT ( ) );
#2390 = DIRECTION ( 'NONE',  ( -0.0000000000000000000, -0.0000000000000000000, -1.000000000000000000 ) ) ;
#2391 = ORIENTED_EDGE ( 'NONE', *, *, #2804, .T. ) ;
#2392 = DIRECTION ( 'NONE',  ( -0.2079116908177525400, -0.9781476007338070200, 0.0000000000000000000 ) ) ;
#2393 = DIRECTION ( 'NONE',  ( 1.000000000000000000, -2.165114170637245000E-016, 0.0000000000000000000 ) ) ;
#2394 = STYLED_ITEM ( 'NONE', ( #2854 ), #1134 ) ;
#2395 = CARTESIAN_POINT ( 'NONE',  ( 0.9150285701337396200, 0.1829208830918224700, -0.1125000000000001800 ) ) ;
#2396 = VERTEX_POINT ( 'NONE', #1622 ) ;
#2397 = CARTESIAN_POINT ( 'NONE',  ( -0.3636077195485476500, 1.049999999999993200, -0.6786077195485475900 ) ) ;
#2398 = CARTESIAN_POINT ( 'NONE',  ( -0.6035127018419917900, 0.4249999999999931100, 0.1124999999999997500 ) ) ;
#2399 = ADVANCED_FACE ( 'NONE', ( #2178 ), #199, .F. ) ;
#2400 = CARTESIAN_POINT ( 'NONE',  ( 0.6644188604603699100, 0.3999999999999931400, -0.5375000000000002000 ) ) ;
#2401 = EDGE_LOOP ( 'NONE', ( #2157, #2436, #1775, #1413 ) ) ;
#2402 = ORIENTED_EDGE ( 'NONE', *, *, #2570, .T. ) ;
#2403 = EDGE_CURVE ( 'NONE', #268, #2491, #1349, .T. ) ;
#2404 = DIRECTION ( 'NONE',  ( -1.000000000000000000, 0.0000000000000000000, 0.0000000000000000000 ) ) ;
#2405 = CARTESIAN_POINT ( 'NONE',  ( 0.6644188604603699100, 0.3999999999999931400, -0.5375000000000002000 ) ) ;
#2406 = VERTEX_POINT ( 'NONE', #2577 ) ;
#2407 = ORIENTED_EDGE ( 'NONE', *, *, #513, .T. ) ;
#2408 = DIRECTION ( 'NONE',  ( 0.0000000000000000000, -0.0000000000000000000, -1.000000000000000000 ) ) ;
#2409 = VERTEX_POINT ( 'NONE', #704 ) ;
#2410 = CIRCLE ( 'NONE', #1264, 0.009999999999999918700 ) ;
#2411 = CARTESIAN_POINT ( 'NONE',  ( -0.3636077195485476500, 1.049999999999993200, -0.7386077195485476500 ) ) ;
#2412 = LINE ( 'NONE', #2778, #2376 ) ;
#2413 = DIRECTION ( 'NONE',  ( -1.000000000000000000, 0.0000000000000000000, 0.0000000000000000000 ) ) ;
#2414 = VECTOR ( 'NONE', #2905, 1000.000000000000200 ) ;
#2415 = LINE ( 'NONE', #435, #2962 ) ;
#2416 = FACE_OUTER_BOUND ( 'NONE', #2732, .T. ) ;
#2417 = CARTESIAN_POINT ( 'NONE',  ( 1.050000000000000000, 0.0000000000000000000, -0.1125000000000001800 ) ) ;
#2418 = CARTESIAN_POINT ( 'NONE',  ( 0.6250000000000001100, 0.5999999999999930900, 0.5374999999999997600 ) ) ;
#2419 = EDGE_CURVE ( 'NONE', #892, #1475, #1685, .T. ) ;
#2420 = FACE_OUTER_BOUND ( 'NONE', #2471, .T. ) ;
#2421 = EDGE_CURVE ( 'NONE', #548, #18, #2555, .T. ) ;
#2422 = EDGE_CURVE ( 'NONE', #1104, #2866, #2676, .T. ) ;
#2423 = VERTEX_POINT ( 'NONE', #954 ) ;
#2424 = ORIENTED_EDGE ( 'NONE', *, *, #1515, .T. ) ;
#2425 = AXIS2_PLACEMENT_3D ( 'NONE', #474, #503, #749 ) ;
#2426 = CARTESIAN_POINT ( 'NONE',  ( 0.9248100461410775400, 0.1750000000000000200, 0.7624999999999997300 ) ) ;
#2427 = VERTEX_POINT ( 'NONE', #1848 ) ;
#2428 = CARTESIAN_POINT ( 'NONE',  ( -0.9150285701337396200, 0.1829208830918224700, -0.5375000000000002000 ) ) ;
#2429 = CARTESIAN_POINT ( 'NONE',  ( -0.9248100461410775400, 2.710505431213761100E-017, -0.7625000000000001800 ) ) ;
#2430 = DIRECTION ( 'NONE',  ( 0.0000000000000000000, 0.0000000000000000000, 1.000000000000000000 ) ) ;
#2431 = ORIENTED_EDGE ( 'NONE', *, *, #2936, .T. ) ;
#2432 = DIRECTION ( 'NONE',  ( 0.0000000000000000000, 1.000000000000000000, 0.0000000000000000000 ) ) ;
#2433 = ORIENTED_EDGE ( 'NONE', *, *, #750, .T. ) ;
#2434 = EDGE_LOOP ( 'NONE', ( #2503, #1580, #2970, #1117 ) ) ;
#2435 = CARTESIAN_POINT ( 'NONE',  ( 0.6250000000000000000, 0.5999999999999930900, -1.000000000000000000 ) ) ;
#2436 = ORIENTED_EDGE ( 'NONE', *, *, #1254, .F. ) ;
#2437 = DIRECTION ( 'NONE',  ( 2.165114170637244800E-016, -1.000000000000000000, 0.0000000000000000000 ) ) ;
#2438 = ORIENTED_EDGE ( 'NONE', *, *, #856, .T. ) ;
#2439 = DIRECTION ( 'NONE',  ( -0.0000000000000000000, -0.0000000000000000000, -1.000000000000000000 ) ) ;
#2440 = EDGE_CURVE ( 'NONE', #1981, #214, #1912, .T. ) ;
#2441 = ORIENTED_EDGE ( 'NONE', *, *, #277, .T. ) ;
#2442 = FACE_OUTER_BOUND ( 'NONE', #2260, .T. ) ;
#2443 = DIRECTION ( 'NONE',  ( 0.0000000000000000000, 0.0000000000000000000, 1.000000000000000000 ) ) ;
#2444 = DIRECTION ( 'NONE',  ( -2.750465538128683400E-015, -1.000000000000000000, 0.0000000000000000000 ) ) ;
#2445 = CYLINDRICAL_SURFACE ( 'NONE', #697, 0.009999999999999918700 ) ;
#2446 = MECHANICAL_DESIGN_GEOMETRIC_PRESENTATION_REPRESENTATION (  '', ( #2394 ), #2864 ) ;
#2447 = DIRECTION ( 'NONE',  ( 1.000000000000000000, 0.0000000000000000000, 0.0000000000000000000 ) ) ;
#2448 = DIRECTION ( 'NONE',  ( 0.0000000000000000000, 0.1218693434051477400, -0.9925461516413219800 ) ) ;
#2449 = CIRCLE ( 'NONE', #883, 0.02499999999999995600 ) ;
#2450 = VECTOR ( 'NONE', #73, 1000.000000000000000 ) ;
#2451 = VERTEX_POINT ( 'NONE', #2838 ) ;
#2452 = CARTESIAN_POINT ( 'NONE',  ( -1.050000000000000000, 0.1749999999999999900, -0.1125000000000001800 ) ) ;
#2453 = ORIENTED_EDGE ( 'NONE', *, *, #513, .F. ) ;
#2454 = AXIS2_PLACEMENT_3D ( 'NONE', #190, #2132, #2166 ) ;
#2455 = EDGE_CURVE ( 'NONE', #1693, #153, #644, .T. ) ;
#2456 = DIRECTION ( 'NONE',  ( -0.2079116908177530100, -0.9781476007338069100, 0.0000000000000000000 ) ) ;
#2457 = CARTESIAN_POINT ( 'NONE',  ( -0.3636077195485476500, 1.049999999999993200, -0.7386077195485476500 ) ) ;
#2458 = VERTEX_POINT ( 'NONE', #717 ) ;
#2459 = VERTEX_POINT ( 'NONE', #984 ) ;
#2460 = ORIENTED_EDGE ( 'NONE', *, *, #792, .F. ) ;
#2461 = STYLED_ITEM ( 'NONE', ( #875 ), #2798 ) ;
#2462 = AXIS2_PLACEMENT_3D ( 'NONE', #1767, #565, #2270 ) ;
#2463 = PLANE ( 'NONE',  #1287 ) ;
#2464 = DIRECTION ( 'NONE',  ( 0.0000000000000000000, -1.000000000000000000, 0.0000000000000000000 ) ) ;
#2465 = CARTESIAN_POINT ( 'NONE',  ( 0.9248100461410775400, 2.710505431213761100E-017, -0.5375000000000002000 ) ) ;
#2466 = ORIENTED_EDGE ( 'NONE', *, *, #250, .F. ) ;
#2467 = ORIENTED_EDGE ( 'NONE', *, *, #1734, .T. ) ;
#2468 = EDGE_LOOP ( 'NONE', ( #2922, #379, #1437, #3019 ) ) ;
#2469 = EDGE_LOOP ( 'NONE', ( #2286, #1586, #2334, #1986 ) ) ;
#2470 = AXIS2_PLACEMENT_3D ( 'NONE', #2337, #134, #1841 ) ;
#2471 = EDGE_LOOP ( 'NONE', ( #135, #20, #348, #1729 ) ) ;
#2472 = VERTEX_POINT ( 'NONE', #1674 ) ;
#2473 = CARTESIAN_POINT ( 'NONE',  ( 0.9248100461410775400, 2.710505431213761100E-017, 0.1124999999999997500 ) ) ;
#2474 = ORIENTED_EDGE ( 'NONE', *, *, #2088, .F. ) ;
#2475 = PLANE ( 'NONE',  #3083 ) ;
#2476 = VERTEX_POINT ( 'NONE', #239 ) ;
#2477 = LINE ( 'NONE', #553, #2779 ) ;
#2478 =( GEOMETRIC_REPRESENTATION_CONTEXT ( 3 ) GLOBAL_UNCERTAINTY_ASSIGNED_CONTEXT ( ( #551 ) ) GLOBAL_UNIT_ASSIGNED_CONTEXT ( ( #282, #19, #993 ) ) REPRESENTATION_CONTEXT ( 'NONE', 'WORKASPACE' ) );
#2479 = VECTOR ( 'NONE', #1936, 1000.000000000000000 ) ;
#2480 = CARTESIAN_POINT ( 'NONE',  ( -0.6035127018419917900, 0.4249999999999931100, -0.5375000000000002000 ) ) ;
#2481 = FACE_OUTER_BOUND ( 'NONE', #1082, .T. ) ;
#2482 = VERTEX_POINT ( 'NONE', #2428 ) ;
#2483 = CARTESIAN_POINT ( 'NONE',  ( -0.9248100461410775400, 0.1850000000000000000, 0.7624999999999997300 ) ) ;
#2484 = LINE ( 'NONE', #1558, #1916 ) ;
#2485 = VECTOR ( 'NONE', #731, 1000.000000000000000 ) ;
#2486 = VECTOR ( 'NONE', #226, 1000.000000000000100 ) ;
#2487 = CARTESIAN_POINT ( 'NONE',  ( 0.9248100461410775400, 0.1850000000000000000, -0.5375000000000002000 ) ) ;
#2488 = ORIENTED_EDGE ( 'NONE', *, *, #1798, .T. ) ;
#2489 = DIRECTION ( 'NONE',  ( 1.000000000000000000, 2.750465538128683400E-015, 0.0000000000000000000 ) ) ;
#2490 = CARTESIAN_POINT ( 'NONE',  ( -0.5636077195485477100, 1.099999999999993200, 0.9999999999999995600 ) ) ;
#2491 = VERTEX_POINT ( 'NONE', #2398 ) ;
#2492 = EDGE_CURVE ( 'NONE', #2350, #1081, #323, .T. ) ;
#2493 = ORIENTED_EDGE ( 'NONE', *, *, #88, .T. ) ;
#2494 = CARTESIAN_POINT ( 'NONE',  ( 0.6644188604603699100, 0.5999999999999932100, -0.5375000000000002000 ) ) ;
#2495 = ORIENTED_EDGE ( 'NONE', *, *, #909, .T. ) ;
#2496 = EDGE_CURVE ( 'NONE', #319, #733, #1534, .T. ) ;
#2497 = DIRECTION ( 'NONE',  ( -0.0000000000000000000, -0.0000000000000000000, -1.000000000000000000 ) ) ;
#2498 = CARTESIAN_POINT ( 'NONE',  ( -0.6888725504787151000, 0.4051977922704369500, 0.5374999999999997600 ) ) ;
#2499 = CARTESIAN_POINT ( 'NONE',  ( -0.5636077195485476000, 0.09999999999999310800, -3.055323569820681700E-017 ) ) ;
#2500 = CARTESIAN_POINT ( 'NONE',  ( -0.9248100461410775400, 0.1850000000000000000, -0.5375000000000002000 ) ) ;
#2501 = CARTESIAN_POINT ( 'NONE',  ( -0.9248100461410775400, 0.1850000000000000000, -0.5375000000000002000 ) ) ;
#2502 = AXIS2_PLACEMENT_3D ( 'NONE', #1780, #851, #862 ) ;
#2503 = ORIENTED_EDGE ( 'NONE', *, *, #1483, .T. ) ;
#2504 = ORIENTED_EDGE ( 'NONE', *, *, #375, .F. ) ;
#2505 = ADVANCED_FACE ( 'NONE', ( #2743 ), #3096, .F. ) ;
#2506 = ORIENTED_EDGE ( 'NONE', *, *, #1798, .F. ) ;
#2507 = DIRECTION ( 'NONE',  ( 0.0000000000000000000, 1.000000000000000000, 0.0000000000000000000 ) ) ;
#2508 = ORIENTED_EDGE ( 'NONE', *, *, #1897, .F. ) ;
#2509 = CARTESIAN_POINT ( 'NONE',  ( -0.6250000000000001100, 0.5999999999999930900, 0.7624999999999997300 ) ) ;
#2510 = ORIENTED_EDGE ( 'NONE', *, *, #164, .T. ) ;
#2511 = DIRECTION ( 'NONE',  ( 1.000000000000000000, 0.0000000000000000000, -0.0000000000000000000 ) ) ;
#2512 = VERTEX_POINT ( 'NONE', #232 ) ;
#2513 = EDGE_CURVE ( 'NONE', #2423, #733, #1130, .T. ) ;
#2514 = EDGE_CURVE ( 'NONE', #2423, #1693, #912, .T. ) ;
#2515 = SURFACE_SIDE_STYLE ('',( #2955 ) ) ;
#2516 = EDGE_CURVE ( 'NONE', #1475, #2605, #1058, .T. ) ;
#2517 = VERTEX_POINT ( 'NONE', #2418 ) ;
#2518 = LINE ( 'NONE', #1391, #1244 ) ;
#2519 = PLANE ( 'NONE',  #759 ) ;
#2520 = CARTESIAN_POINT ( 'NONE',  ( -0.9248100461410775400, 0.1850000000000000000, -0.7625000000000001800 ) ) ;
#2521 = CARTESIAN_POINT ( 'NONE',  ( -0.9248100461410775400, 0.1750000000000000400, 0.7624999999999997300 ) ) ;
#2522 = CARTESIAN_POINT ( 'NONE',  ( -0.6644188604603699100, 0.5999999999999932100, 0.7624999999999997300 ) ) ;
#2523 = VECTOR ( 'NONE', #1240, 1000.000000000000200 ) ;
#2524 = FACE_OUTER_BOUND ( 'NONE', #163, .T. ) ;
#2525 = VECTOR ( 'NONE', #1407, 1000.000000000000000 ) ;
#2526 = VECTOR ( 'NONE', #2596, 1000.000000000000000 ) ;
#2527 = PRESENTATION_LAYER_ASSIGNMENT (  '', '', ( #925 ) ) ;
#2528 = CYLINDRICAL_SURFACE ( 'NONE', #1281, 0.009999999999999918700 ) ;
#2529 = DIRECTION ( 'NONE',  ( -1.000000000000000000, 0.0000000000000000000, 0.0000000000000000000 ) ) ;
#2530 = ORIENTED_EDGE ( 'NONE', *, *, #579, .T. ) ;
#2531 = DIRECTION ( 'NONE',  ( -5.421010862427523400E-017, 0.0000000000000000000, -1.000000000000000000 ) ) ;
#2532 = CARTESIAN_POINT ( 'NONE',  ( -0.9248100461410775400, 0.1750000000000000200, 0.1124999999999997500 ) ) ;
#2533 = ORIENTED_EDGE ( 'NONE', *, *, #1675, .F. ) ;
#2534 = ORIENTED_EDGE ( 'NONE', *, *, #753, .T. ) ;
#2535 = AXIS2_PLACEMENT_3D ( 'NONE', #2501, #601, #2946 ) ;
#2536 = ADVANCED_FACE ( 'NONE', ( #1750 ), #464, .T. ) ;
#2537 = EDGE_CURVE ( 'NONE', #516, #2057, #400, .T. ) ;
#2538 = DIRECTION ( 'NONE',  ( 0.0000000000000000000, -0.0000000000000000000, -1.000000000000000000 ) ) ;
#2539 = DIRECTION ( 'NONE',  ( -0.2079116908177530100, 0.9781476007338069100, 0.0000000000000000000 ) ) ;
#2540 = CARTESIAN_POINT ( 'NONE',  ( 0.6888725504787151000, 0.4051977922704369500, 0.5374999999999997600 ) ) ;
#2541 = DIRECTION ( 'NONE',  ( -1.000000000000000000, 0.0000000000000000000, 0.0000000000000000000 ) ) ;
#2542 = ORIENTED_EDGE ( 'NONE', *, *, #959, .T. ) ;
#2543 = AXIS2_PLACEMENT_3D ( 'NONE', #2651, #498, #2654 ) ;
#2544 = PLANE ( 'NONE',  #631 ) ;
#2545 = EDGE_LOOP ( 'NONE', ( #1396, #831, #2950, #2045 ) ) ;
#2546 = DIRECTION ( 'NONE',  ( 1.000000000000000000, 0.0000000000000000000, 0.0000000000000000000 ) ) ;
#2547 = ORIENTED_EDGE ( 'NONE', *, *, #1850, .T. ) ;
#2548 = CYLINDRICAL_SURFACE ( 'NONE', #356, 0.1850000000000000500 ) ;
#2549 = DIRECTION ( 'NONE',  ( -0.0000000000000000000, -0.0000000000000000000, -1.000000000000000000 ) ) ;
#2550 = FACE_OUTER_BOUND ( 'NONE', #1453, .T. ) ;
#2551 = CARTESIAN_POINT ( 'NONE',  ( -0.8600483806071314000, 0.4415823381635436400, -0.1125000000000001800 ) ) ;
#2552 = EDGE_CURVE ( 'NONE', #414, #2920, #260, .T. ) ;
#2553 = LINE ( 'NONE', #221, #2325 ) ;
#2554 = VECTOR ( 'NONE', #2750, 1000.000000000000000 ) ;
#2555 = LINE ( 'NONE', #404, #2736 ) ;
#2556 = VECTOR ( 'NONE', #1787, 1000.000000000000200 ) ;
#2557 = DIRECTION ( 'NONE',  ( 1.000000000000000000, 0.0000000000000000000, 0.0000000000000000000 ) ) ;
#2558 = VECTOR ( 'NONE', #1930, 1000.000000000000000 ) ;
#2559 = VECTOR ( 'NONE', #891, 1000.000000000000100 ) ;
#2560 = UNCERTAINTY_MEASURE_WITH_UNIT (LENGTH_MEASURE( 1.000000000000000100E-005 ), #1308, 'distance_accuracy_value', 'NONE');
#2561 = LINE ( 'NONE', #478, #2301 ) ;
#2562 = EDGE_LOOP ( 'NONE', ( #635, #2770, #870, #980 ) ) ;
#2563 = ADVANCED_FACE ( 'NONE', ( #2805 ), #2104, .T. ) ;
#2564 = CARTESIAN_POINT ( 'NONE',  ( -0.6644188604603699100, 0.3999999999999931400, -0.5375000000000002000 ) ) ;
#2565 = ADVANCED_FACE ( 'NONE', ( #2026 ), #1947, .F. ) ;
#2566 = VERTEX_POINT ( 'NONE', #1209 ) ;
#2567 = CARTESIAN_POINT ( 'NONE',  ( -0.8600483806071314000, 0.4415823381635436400, -0.5375000000000002000 ) ) ;
#2568 = DIRECTION ( 'NONE',  ( 0.0000000000000000000, -0.0000000000000000000, -1.000000000000000000 ) ) ;
#2569 = VERTEX_POINT ( 'NONE', #2640 ) ;
#2570 = EDGE_CURVE ( 'NONE', #59, #2512, #2098, .T. ) ;
#2571 = VERTEX_POINT ( 'NONE', #15 ) ;
#2572 = EDGE_CURVE ( 'NONE', #1982, #950, #396, .T. ) ;
#2573 = EDGE_CURVE ( 'NONE', #2785, #1874, #1379, .T. ) ;
#2574 = UNCERTAINTY_MEASURE_WITH_UNIT (LENGTH_MEASURE( 1.000000000000000100E-005 ), #424, 'distance_accuracy_value', 'NONE');
#2575 = DIRECTION ( 'NONE',  ( 2.165114170637244800E-016, -1.000000000000000000, 0.0000000000000000000 ) ) ;
#2576 = CARTESIAN_POINT ( 'NONE',  ( 1.050000000000000000, 0.0000000000000000000, -0.5375000000000002000 ) ) ;
#2577 = CARTESIAN_POINT ( 'NONE',  ( 0.6644188604603699100, 0.5999999999999932100, -0.1125000000000001800 ) ) ;
#2578 = ADVANCED_FACE ( 'NONE', ( #2886 ), #222, .F. ) ;
#2579 = ORIENTED_EDGE ( 'NONE', *, *, #2354, .F. ) ;
#2580 = CARTESIAN_POINT ( 'NONE',  ( -0.7438527400053232000, 0.1465363371987157500, -0.7625000000000001800 ) ) ;
#2581 = EDGE_LOOP ( 'NONE', ( #773, #830, #2493, #3013, #2000, #2280, #613, #595, #3023, #908, #1592, #3042 ) ) ;
#2582 = CARTESIAN_POINT ( 'NONE',  ( -0.9248100461410775400, 0.1850000000000000000, -0.7625000000000001800 ) ) ;
#2583 = CARTESIAN_POINT ( 'NONE',  ( -0.9150285701337396200, 0.1829208830918224700, 0.1124999999999997500 ) ) ;
#2584 = VERTEX_POINT ( 'NONE', #2691 ) ;
#2585 = CARTESIAN_POINT ( 'NONE',  ( 0.6250000000000001100, 0.5999999999999930900, 0.7624999999999997300 ) ) ;
#2586 = ORIENTED_EDGE ( 'NONE', *, *, #738, .F. ) ;
#2587 = EDGE_LOOP ( 'NONE', ( #706, #1454, #887, #691, #1139, #81, #620, #555, #2506, #2504, #1221, #2508 ) ) ;
#2588 = DIRECTION ( 'NONE',  ( 0.0000000000000000000, 0.0000000000000000000, 1.000000000000000000 ) ) ;
#2589 = FACE_OUTER_BOUND ( 'NONE', #2903, .T. ) ;
#2590 = AXIS2_PLACEMENT_3D ( 'NONE', #383, #2568, #2557 ) ;
#2591 = CIRCLE ( 'NONE', #543, 0.009999999999999918700 ) ;
#2592 = FACE_OUTER_BOUND ( 'NONE', #1966, .T. ) ;
#2593 = VECTOR ( 'NONE', #274, 1000.000000000000000 ) ;
#2594 = LINE ( 'NONE', #116, #1275 ) ;
#2595 = LINE ( 'NONE', #1898, #2558 ) ;
#2596 = DIRECTION ( 'NONE',  ( 0.0000000000000000000, -0.0000000000000000000, -1.000000000000000000 ) ) ;
#2597 = LINE ( 'NONE', #2855, #606 ) ;
#2598 = ADVANCED_FACE ( 'NONE', ( #987 ), #2463, .T. ) ;
#2599 = EDGE_CURVE ( 'NONE', #1186, #96, #2477, .T. ) ;
#2600 = ORIENTED_EDGE ( 'NONE', *, *, #1003, .T. ) ;
#2601 = LINE ( 'NONE', #3082, #2264 ) ;
#2602 = DIRECTION ( 'NONE',  ( 1.000000000000000000, -0.0000000000000000000, -0.0000000000000000000 ) ) ;
#2603 = CARTESIAN_POINT ( 'NONE',  ( -0.9248100461410775400, 0.1750000000000000400, -0.7625000000000001800 ) ) ;
#2604 = PLANE ( 'NONE',  #263 ) ;
#2605 = VERTEX_POINT ( 'NONE', #1267 ) ;
#2606 = CARTESIAN_POINT ( 'NONE',  ( 0.6888725504787151000, 0.4051977922704369500, -0.1125000000000001800 ) ) ;
#2607 = DIRECTION ( 'NONE',  ( -0.1218693434051475200, 0.9925461516413219800, 0.0000000000000000000 ) ) ;
#2608 = AXIS2_PLACEMENT_3D ( 'NONE', #2585, #1163, #2359 ) ;
#2609 = ORIENTED_EDGE ( 'NONE', *, *, #3026, .T. ) ;
#2610 = CARTESIAN_POINT ( 'NONE',  ( 0.6644188604603699100, 0.5999999999999932100, 0.5374999999999997600 ) ) ;
#2611 = ORIENTED_EDGE ( 'NONE', *, *, #193, .T. ) ;
#2612 = CARTESIAN_POINT ( 'NONE',  ( -0.9248100461410775400, 2.710505431213761100E-017, 0.1124999999999997500 ) ) ;
#2613 = DIRECTION ( 'NONE',  ( -0.2079116908177525400, -0.9781476007338070200, 0.0000000000000000000 ) ) ;
#2614 = ORIENTED_EDGE ( 'NONE', *, *, #1681, .T. ) ;
#2615 = ADVANCED_FACE ( 'NONE', ( #1790 ), #56, .F. ) ;
#2616 = VERTEX_POINT ( 'NONE', #1979 ) ;
#2617 = EDGE_CURVE ( 'NONE', #962, #319, #1526, .T. ) ;
#2618 = EDGE_CURVE ( 'NONE', #1981, #2696, #681, .T. ) ;
#2619 = DIRECTION ( 'NONE',  ( -1.000000000000000000, 0.0000000000000000000, 0.0000000000000000000 ) ) ;
#2620 = DIRECTION ( 'NONE',  ( -0.0000000000000000000, 1.000000000000000000, -0.0000000000000000000 ) ) ;
#2621 = AXIS2_PLACEMENT_3D ( 'NONE', #2319, #622, #1825 ) ;
#2622 = STYLED_ITEM ( 'NONE', ( #365 ), #2242 ) ;
#2623 = VERTEX_POINT ( 'NONE', #1740 ) ;
#2624 = DIRECTION ( 'NONE',  ( 1.000000000000000000, 0.0000000000000000000, 0.0000000000000000000 ) ) ;
#2625 = DIRECTION ( 'NONE',  ( -0.0000000000000000000, -0.0000000000000000000, -1.000000000000000000 ) ) ;
#2626 = DIRECTION ( 'NONE',  ( 0.0000000000000000000, 1.000000000000000000, -0.0000000000000000000 ) ) ;
#2627 = ORIENTED_EDGE ( 'NONE', *, *, #1747, .F. ) ;
#2628 = VERTEX_POINT ( 'NONE', #314 ) ;
#2629 = CARTESIAN_POINT ( 'NONE',  ( -0.8600483806071314000, 0.4415823381635436400, 0.1124999999999997500 ) ) ;
#2630 = COLOUR_RGB ( '',0.7921568627450980000, 0.8196078431372548800, 0.9333333333333333500 ) ;
#2631 = ADVANCED_FACE ( 'NONE', ( #329 ), #1031, .T. ) ;
#2632 = ORIENTED_EDGE ( 'NONE', *, *, #2134, .F. ) ;
#2633 = ORIENTED_EDGE ( 'NONE', *, *, #753, .F. ) ;
#2634 = FACE_OUTER_BOUND ( 'NONE', #1004, .T. ) ;
#2635 = LINE ( 'NONE', #2948, #2373 ) ;
#2636 = CARTESIAN_POINT ( 'NONE',  ( 0.6888725504787151000, 0.4051977922704369500, 0.7624999999999997300 ) ) ;
#2637 = VERTEX_POINT ( 'NONE', #2001 ) ;
#2638 = SURFACE_STYLE_FILL_AREA ( #1414 ) ;
#2639 = DIRECTION ( 'NONE',  ( 1.000000000000000000, 0.0000000000000000000, 0.0000000000000000000 ) ) ;
#2640 = CARTESIAN_POINT ( 'NONE',  ( -0.5636077195485476000, 1.099999999999993200, -0.9386077195485476000 ) ) ;
#2641 = LINE ( 'NONE', #2826, #1096 ) ;
#2642 = VECTOR ( 'NONE', #224, 1000.000000000000000 ) ;
#2643 = VECTOR ( 'NONE', #305, 1000.000000000000000 ) ;
#2644 = PLANE ( 'NONE',  #3055 ) ;
#2645 = FACE_OUTER_BOUND ( 'NONE', #2434, .T. ) ;
#2646 = LINE ( 'NONE', #80, #1617 ) ;
#2647 = DIRECTION ( 'NONE',  ( 0.0000000000000000000, 0.0000000000000000000, 1.000000000000000000 ) ) ;
#2648 = ORIENTED_EDGE ( 'NONE', *, *, #2086, .F. ) ;
#2649 = PRODUCT_CONTEXT ( 'NONE', #1958, 'mechanical' ) ;
#2650 = VERTEX_POINT ( 'NONE', #1038 ) ;
#2651 = CARTESIAN_POINT ( 'NONE',  ( 0.6035127018419917900, 0.4249999999999931100, 0.1124999999999997500 ) ) ;
#2652 = ORIENTED_EDGE ( 'NONE', *, *, #1484, .F. ) ;
#2653 = CARTESIAN_POINT ( 'NONE',  ( -0.9248100461410775400, 0.1750000000000000400, -0.5375000000000002000 ) ) ;
#2654 = DIRECTION ( 'NONE',  ( 0.0000000000000000000, 0.0000000000000000000, 1.000000000000000000 ) ) ;
#2655 = DIRECTION ( 'NONE',  ( 0.0000000000000000000, 0.0000000000000000000, 1.000000000000000000 ) ) ;
#2656 = ORIENTED_EDGE ( 'NONE', *, *, #689, .T. ) ;
#2657 = CARTESIAN_POINT ( 'NONE',  ( -0.3636077195485476500, 1.099999999999993200, -0.7986077195485477000 ) ) ;
#2658 = EDGE_CURVE ( 'NONE', #2827, #59, #1572, .T. ) ;
#2659 = CARTESIAN_POINT ( 'NONE',  ( 0.9248100461410775400, 2.710505431213761100E-017, 0.7624999999999997300 ) ) ;
#2660 = CARTESIAN_POINT ( 'NONE',  ( -0.6888725504787151000, 0.4051977922704369500, -0.7625000000000001800 ) ) ;
#2661 = EDGE_CURVE ( 'NONE', #453, #2482, #765, .T. ) ;
#2662 = ORIENTED_EDGE ( 'NONE', *, *, #72, .T. ) ;
#2663 = ORIENTED_EDGE ( 'NONE', *, *, #1254, .T. ) ;
#2664 = DIRECTION ( 'NONE',  ( -0.9781476007338070200, -0.2079116908177530400, 0.0000000000000000000 ) ) ;
#2665 = VERTEX_POINT ( 'NONE', #1507 ) ;
#2666 = EDGE_LOOP ( 'NONE', ( #1806, #2791, #2973, #2982 ) ) ;
#2667 = CARTESIAN_POINT ( 'NONE',  ( -0.9248100461410775400, 2.710505431213761100E-017, -0.5375000000000002000 ) ) ;
#2668 = AXIS2_PLACEMENT_3D ( 'NONE', #76, #1510, #106 ) ;
#2669 = CARTESIAN_POINT ( 'NONE',  ( -0.6888725504787151000, 0.4051977922704369500, -0.1125000000000001800 ) ) ;
#2670 = DIRECTION ( 'NONE',  ( 0.0000000000000000000, 0.0000000000000000000, 1.000000000000000000 ) ) ;
#2671 = FACE_OUTER_BOUND ( 'NONE', #2468, .T. ) ;
#2672 = PLANE ( 'NONE',  #177 ) ;
#2673 = FACE_OUTER_BOUND ( 'NONE', #1782, .T. ) ;
#2674 = VECTOR ( 'NONE', #1266, 1000.000000000000000 ) ;
#2675 = FACE_OUTER_BOUND ( 'NONE', #2717, .T. ) ;
#2676 = LINE ( 'NONE', #1143, #1830 ) ;
#2677 = LINE ( 'NONE', #2795, #3075 ) ;
#2678 = LINE ( 'NONE', #1621, #261 ) ;
#2679 = CIRCLE ( 'NONE', #2925, 0.2000000000000000900 ) ;
#2680 = VECTOR ( 'NONE', #1399, 1000.000000000000000 ) ;
#2681 = EDGE_CURVE ( 'NONE', #3070, #310, #2635, .T. ) ;
#2682 = EDGE_CURVE ( 'NONE', #244, #2057, #1343, .T. ) ;
#2683 = EDGE_CURVE ( 'NONE', #1012, #892, #2931, .T. ) ;
#2684 = CARTESIAN_POINT ( 'NONE',  ( -0.6644188604603699100, 0.3999999999999931400, -0.5375000000000002000 ) ) ;
#2685 = ORIENTED_EDGE ( 'NONE', *, *, #1543, .F. ) ;
#2686 = ORIENTED_EDGE ( 'NONE', *, *, #2552, .F. ) ;
#2687 = CARTESIAN_POINT ( 'NONE',  ( -0.6250000000000001100, 0.5999999999999930900, 0.5374999999999997600 ) ) ;
#2688 = ORIENTED_EDGE ( 'NONE', *, *, #2682, .F. ) ;
#2689 = AXIS2_PLACEMENT_3D ( 'NONE', #364, #2005, #2511 ) ;
#2690 = EDGE_LOOP ( 'NONE', ( #2881, #1258, #506, #739 ) ) ;
#2691 = CARTESIAN_POINT ( 'NONE',  ( -1.050000000000000000, 0.1749999999999999900, 0.7624999999999997300 ) ) ;
#2692 = FILL_AREA_STYLE_COLOUR ( '', #1462 ) ;
#2693 = ORIENTED_EDGE ( 'NONE', *, *, #1542, .T. ) ;
#2694 = DIRECTION ( 'NONE',  ( -0.0000000000000000000, -0.0000000000000000000, -1.000000000000000000 ) ) ;
#2695 = EDGE_LOOP ( 'NONE', ( #2275, #852, #2530, #2268 ) ) ;
#2696 = VERTEX_POINT ( 'NONE', #2224 ) ;
#2697 = CARTESIAN_POINT ( 'NONE',  ( -1.050000000000000000, 0.1749999999999999900, -0.5375000000000002000 ) ) ;
#2698 = DIRECTION ( 'NONE',  ( 1.000000000000000000, 2.750465538128683400E-015, 0.0000000000000000000 ) ) ;
#2699 = EDGE_CURVE ( 'NONE', #2476, #2245, #2323, .T. ) ;
#2700 = EDGE_LOOP ( 'NONE', ( #322, #2632, #2547, #1107 ) ) ;
#2701 = SHAPE_DEFINITION_REPRESENTATION ( #1106, #6 ) ;
#2702 = DIRECTION ( 'NONE',  ( -1.000000000000000000, -2.750465538128683400E-015, 0.0000000000000000000 ) ) ;
#2703 = VECTOR ( 'NONE', #861, 1000.000000000000000 ) ;
#2704 = LINE ( 'NONE', #2075, #554 ) ;
#2705 = FACE_OUTER_BOUND ( 'NONE', #1913, .T. ) ;
#2706 = CARTESIAN_POINT ( 'NONE',  ( -0.6644188604603699100, 0.3999999999999931400, 0.1124999999999997500 ) ) ;
#2707 = CIRCLE ( 'NONE', #2535, 0.1850000000000000500 ) ;
#2708 = UNCERTAINTY_MEASURE_WITH_UNIT (LENGTH_MEASURE( 1.000000000000000100E-005 ), #2767, 'distance_accuracy_value', 'NONE');
#2709 = DIRECTION ( 'NONE',  ( 0.1218693434051475200, 0.9925461516413219800, 0.0000000000000000000 ) ) ;
#2710 = ORIENTED_EDGE ( 'NONE', *, *, #2872, .F. ) ;
#2711 = EDGE_LOOP ( 'NONE', ( #1855, #2600 ) ) ;
#2712 = ORIENTED_EDGE ( 'NONE', *, *, #514, .F. ) ;
#2713 = EDGE_CURVE ( 'NONE', #548, #1081, #366, .T. ) ;
#2714 = DIRECTION ( 'NONE',  ( -0.0000000000000000000, 0.0000000000000000000, 1.000000000000000000 ) ) ;
#2715 = DIRECTION ( 'NONE',  ( -1.000000000000000000, 2.750465538128683400E-015, 0.0000000000000000000 ) ) ;
#2716 = DIRECTION ( 'NONE',  ( -1.000000000000000000, 2.165114170637245000E-016, 0.0000000000000000000 ) ) ;
#2717 = EDGE_LOOP ( 'NONE', ( #212, #693, #662, #592 ) ) ;
#2718 = AXIS2_PLACEMENT_3D ( 'NONE', #1102, #618, #125 ) ;
#2719 = CARTESIAN_POINT ( 'NONE',  ( 1.050000000000000000, 0.0000000000000000000, 0.5374999999999997600 ) ) ;
#2720 = CARTESIAN_POINT ( 'NONE',  ( -0.6035127018419917900, 0.4249999999999931100, 0.7624999999999997300 ) ) ;
#2721 = CARTESIAN_POINT ( 'NONE',  ( -0.6644188604603699100, 0.4249999999999931600, -0.1125000000000001800 ) ) ;
#2722 = DIRECTION ( 'NONE',  ( -1.000000000000000000, 0.0000000000000000000, 0.0000000000000000000 ) ) ;
#2723 = CARTESIAN_POINT ( 'NONE',  ( 0.6035127018419917900, 0.4249999999999931100, 0.7624999999999997300 ) ) ;
#2724 = ORIENTED_EDGE ( 'NONE', *, *, #1668, .T. ) ;
#2725 = EDGE_CURVE ( 'NONE', #516, #1535, #2851, .T. ) ;
#2726 = DIRECTION ( 'NONE',  ( 0.9781476007338071300, 0.2079116908177525700, 0.0000000000000000000 ) ) ;
#2727 = EDGE_CURVE ( 'NONE', #2845, #1941, #1247, .T. ) ;
#2728 = ORIENTED_EDGE ( 'NONE', *, *, #1502, .F. ) ;
#2729 = EDGE_CURVE ( 'NONE', #453, #2878, #1906, .T. ) ;
#2730 = CARTESIAN_POINT ( 'NONE',  ( -0.9150285701337396200, 0.1829208830918224700, -0.7625000000000001800 ) ) ;
#2731 = CARTESIAN_POINT ( 'NONE',  ( -0.3636077195485476500, 0.8802943725152218000, -0.7986077195485477000 ) ) ;
#2732 = EDGE_LOOP ( 'NONE', ( #318, #1434, #1836, #913 ) ) ;
#2733 = DIRECTION ( 'NONE',  ( 1.000000000000000000, -0.0000000000000000000, -0.0000000000000000000 ) ) ;
#2734 = DIRECTION ( 'NONE',  ( 0.0000000000000000000, -0.0000000000000000000, -1.000000000000000000 ) ) ;
#2735 = ADVANCED_FACE ( 'NONE', ( #107 ), #614, .F. ) ;
#2736 = VECTOR ( 'NONE', #943, 1000.000000000000200 ) ;
#2737 = DIRECTION ( 'NONE',  ( -1.000000000000000000, 0.0000000000000000000, 0.0000000000000000000 ) ) ;
#2738 = FACE_OUTER_BOUND ( 'NONE', #652, .T. ) ;
#2739 = AXIS2_PLACEMENT_3D ( 'NONE', #3016, #2091, #142 ) ;
#2740 = VECTOR ( 'NONE', #932, 1000.000000000000000 ) ;
#2741 = CYLINDRICAL_SURFACE ( 'NONE', #2082, 0.06000000000000004600 ) ;
#2742 = CARTESIAN_POINT ( 'NONE',  ( -0.6888725504787151000, 0.4051977922704369500, 0.7624999999999997300 ) ) ;
#2743 = FACE_OUTER_BOUND ( 'NONE', #401, .T. ) ;
#2744 = CARTESIAN_POINT ( 'NONE',  ( -0.6644188604603699100, 0.3999999999999931400, 0.1124999999999997500 ) ) ;
#2745 = LINE ( 'NONE', #2007, #1870 ) ;
#2746 = DIRECTION ( 'NONE',  ( -1.000000000000000000, 0.0000000000000000000, 0.0000000000000000000 ) ) ;
#2747 = ORIENTED_EDGE ( 'NONE', *, *, #2440, .F. ) ;
#2748 = FACE_OUTER_BOUND ( 'NONE', #1291, .T. ) ;
#2749 = DIRECTION ( 'NONE',  ( 1.000000000000000000, -0.0000000000000000000, -0.0000000000000000000 ) ) ;
#2750 = DIRECTION ( 'NONE',  ( -5.421010862427523400E-017, -0.0000000000000000000, 1.000000000000000000 ) ) ;
#2751 = VERTEX_POINT ( 'NONE', #2719 ) ;
#2752 = AXIS2_PLACEMENT_3D ( 'NONE', #1965, #767, #1972 ) ;
#2753 = CARTESIAN_POINT ( 'NONE',  ( -0.6250000000000001100, 0.5999999999999930900, -0.7625000000000001800 ) ) ;
#2754 = ORIENTED_EDGE ( 'NONE', *, *, #937, .F. ) ;
#2755 = CARTESIAN_POINT ( 'NONE',  ( 0.6644188604603699100, 0.3999999999999931400, -0.5375000000000002000 ) ) ;
#2756 = ADVANCED_FACE ( 'NONE', ( #521 ), #833, .T. ) ;
#2757 = VERTEX_POINT ( 'NONE', #2283 ) ;
#2758 = EDGE_CURVE ( 'NONE', #1732, #2318, #2292, .T. ) ;
#2759 = DIRECTION ( 'NONE',  ( 0.0000000000000000000, 0.0000000000000000000, 1.000000000000000000 ) ) ;
#2760 = ORIENTED_EDGE ( 'NONE', *, *, #1628, .T. ) ;
#2761 = SURFACE_SIDE_STYLE ('',( #2103 ) ) ;
#2762 = CARTESIAN_POINT ( 'NONE',  ( 1.050000000000000000, 0.1749999999999999900, 0.1124999999999997500 ) ) ;
#2763 = AXIS2_PLACEMENT_3D ( 'NONE', #2118, #2664, #2347 ) ;
#2764 = CARTESIAN_POINT ( 'NONE',  ( 0.6644188604603699100, 0.4249999999999931600, -0.1125000000000001800 ) ) ;
#2765 = ORIENTED_EDGE ( 'NONE', *, *, #2681, .F. ) ;
#2766 = PLANE ( 'NONE',  #2689 ) ;
#2767 =( LENGTH_UNIT ( ) NAMED_UNIT ( * ) SI_UNIT ( .MILLI., .METRE. ) );
#2768 = EDGE_LOOP ( 'NONE', ( #1239, #476, #1032, #2693 ) ) ;
#2769 = ADVANCED_FACE ( 'NONE', ( #1716 ), #32, .F. ) ;
#2770 = ORIENTED_EDGE ( 'NONE', *, *, #2387, .F. ) ;
#2771 = CARTESIAN_POINT ( 'NONE',  ( 1.050000000000000000, 0.0000000000000000000, 0.1124999999999997500 ) ) ;
#2772 = AXIS2_PLACEMENT_3D ( 'NONE', #2684, #2430, #2926 ) ;
#2773 = CARTESIAN_POINT ( 'NONE',  ( 0.6250000000000001100, 0.5999999999999930900, -0.5375000000000002000 ) ) ;
#2774 = EDGE_CURVE ( 'NONE', #1984, #1673, #603, .T. ) ;
#2775 = ORIENTED_EDGE ( 'NONE', *, *, #168, .F. ) ;
#2776 = CARTESIAN_POINT ( 'NONE',  ( -0.6035127018419917900, 0.4249999999999931100, 0.1124999999999997500 ) ) ;
#2777 = CARTESIAN_POINT ( 'NONE',  ( 0.6250000000000000000, 0.5999999999999930900, -1.000000000000000000 ) ) ;
#2778 = CARTESIAN_POINT ( 'NONE',  ( -0.7438527400053232000, 0.1465363371987157500, -0.5375000000000002000 ) ) ;
#2779 = VECTOR ( 'NONE', #2914, 1000.000000000000000 ) ;
#2780 = ORIENTED_EDGE ( 'NONE', *, *, #1375, .T. ) ;
#2781 = LINE ( 'NONE', #206, #3031 ) ;
#2782 = CIRCLE ( 'NONE', #25, 0.009999999999999918700 ) ;
#2783 = LINE ( 'NONE', #2241, #2934 ) ;
#2784 = AXIS2_PLACEMENT_3D ( 'NONE', #311, #1302, #338 ) ;
#2785 = VERTEX_POINT ( 'NONE', #1763 ) ;
#2786 = CIRCLE ( 'NONE', #914, 0.1850000000000000500 ) ;
#2787 = DIRECTION ( 'NONE',  ( 0.2079116908177530100, -0.9781476007338069100, 0.0000000000000000000 ) ) ;
#2788 = DIRECTION ( 'NONE',  ( -1.000000000000000000, 2.165114170637245000E-016, 0.0000000000000000000 ) ) ;
#2789 = EDGE_LOOP ( 'NONE', ( #2119, #472, #1705, #2363 ) ) ;
#2790 = CARTESIAN_POINT ( 'NONE',  ( 0.8600483806071314000, 0.4415823381635436400, 0.1124999999999997500 ) ) ;
#2791 = ORIENTED_EDGE ( 'NONE', *, *, #1628, .F. ) ;
#2792 = VERTEX_POINT ( 'NONE', #2730 ) ;
#2793 = AXIS2_PLACEMENT_3D ( 'NONE', #1802, #2796, #627 ) ;
#2794 = DIRECTION ( 'NONE',  ( 0.1218693434051475200, 0.9925461516413219800, 0.0000000000000000000 ) ) ;
#2795 = CARTESIAN_POINT ( 'NONE',  ( 0.6035127018419917900, 0.4249999999999931100, 0.7624999999999997300 ) ) ;
#2796 = DIRECTION ( 'NONE',  ( -0.0000000000000000000, -0.0000000000000000000, -1.000000000000000000 ) ) ;
#2797 = ORIENTED_EDGE ( 'NONE', *, *, #1948, .F. ) ;
#2798 = MANIFOLD_SOLID_BREP ( 'Mirror1[2]', #1867 ) ;
#2799 = DIRECTION ( 'NONE',  ( -1.000000000000000000, 0.0000000000000000000, 0.0000000000000000000 ) ) ;
#2800 = CARTESIAN_POINT ( 'NONE',  ( 0.6644188604603699100, 0.3999999999999931400, 0.5374999999999997600 ) ) ;
#2801 = VERTEX_POINT ( 'NONE', #2059 ) ;
#2802 = DIRECTION ( 'NONE',  ( 0.0000000000000000000, 1.000000000000000000, 0.0000000000000000000 ) ) ;
#2803 = VERTEX_POINT ( 'NONE', #2249 ) ;
#2804 = EDGE_CURVE ( 'NONE', #1803, #718, #292, .T. ) ;
#2805 = FACE_OUTER_BOUND ( 'NONE', #1049, .T. ) ;
#2806 = DIRECTION ( 'NONE',  ( -0.0000000000000000000, 0.0000000000000000000, -1.000000000000000000 ) ) ;
#2807 = VECTOR ( 'NONE', #3051, 1000.000000000000200 ) ;
#2808 = ADVANCED_FACE ( 'NONE', ( #2068 ), #1784, .T. ) ;
#2809 = EDGE_CURVE ( 'NONE', #2637, #343, #1025, .T. ) ;
#2810 = VECTOR ( 'NONE', #3076, 1000.000000000000000 ) ;
#2811 = LINE ( 'NONE', #823, #1612 ) ;
#2812 = DIRECTION ( 'NONE',  ( -1.000000000000000000, 2.165114170637245000E-016, 0.0000000000000000000 ) ) ;
#2813 = LINE ( 'NONE', #1213, #802 ) ;
#2814 = LINE ( 'NONE', #1448, #8 ) ;
#2815 = DIRECTION ( 'NONE',  ( 0.0000000000000000000, 0.0000000000000000000, 1.000000000000000000 ) ) ;
#2816 = ORIENTED_EDGE ( 'NONE', *, *, #1376, .F. ) ;
#2817 = LINE ( 'NONE', #869, #1831 ) ;
#2818 = DIRECTION ( 'NONE',  ( -1.000000000000000000, 0.0000000000000000000, -0.0000000000000000000 ) ) ;
#2819 = CARTESIAN_POINT ( 'NONE',  ( 0.9248100461410775400, 2.710505431213761100E-017, -0.7625000000000001800 ) ) ;
#2820 = LINE ( 'NONE', #745, #1135 ) ;
#2821 = LINE ( 'NONE', #899, #1061 ) ;
#2822 = FACE_OUTER_BOUND ( 'NONE', #2690, .T. ) ;
#2823 = STYLED_ITEM ( 'NONE', ( #2101 ), #814 ) ;
#2824 = ORIENTED_EDGE ( 'NONE', *, *, #1218, .T. ) ;
#2825 = DIRECTION ( 'NONE',  ( -1.000000000000000000, -2.165114170637244800E-016, 0.0000000000000000000 ) ) ;
#2826 = CARTESIAN_POINT ( 'NONE',  ( -0.6888725504787151000, 0.4051977922704369500, 0.1124999999999997500 ) ) ;
#2827 = VERTEX_POINT ( 'NONE', #3038 ) ;
#2828 = CARTESIAN_POINT ( 'NONE',  ( 0.6035127018419917900, 0.4249999999999931100, 0.1124999999999997500 ) ) ;
#2829 = PLANE ( 'NONE',  #1570 ) ;
#2830 = CARTESIAN_POINT ( 'NONE',  ( 0.6035127018419917900, 0.4249999999999931100, 0.1124999999999997500 ) ) ;
#2831 = ADVANCED_FACE ( 'NONE', ( #1495 ), #2019, .F. ) ;
#2832 = ORIENTED_EDGE ( 'NONE', *, *, #23, .F. ) ;
#2833 = CARTESIAN_POINT ( 'NONE',  ( 0.8600483806071314000, 0.4415823381635436400, -0.5375000000000002000 ) ) ;
#2834 = EDGE_CURVE ( 'NONE', #465, #2350, #2704, .T. ) ;
#2835 = EDGE_CURVE ( 'NONE', #60, #591, #218, .T. ) ;
#2836 = CARTESIAN_POINT ( 'NONE',  ( -0.6035127018419917900, 0.4249999999999931100, 0.5374999999999997600 ) ) ;
#2837 = CARTESIAN_POINT ( 'NONE',  ( -1.050000000000000000, 0.1749999999999999900, -0.7625000000000001800 ) ) ;
#2838 = CARTESIAN_POINT ( 'NONE',  ( -0.9150285701337396200, 0.1829208830918224700, 0.7624999999999997300 ) ) ;
#2839 = AXIS2_PLACEMENT_3D ( 'NONE', #2744, #82, #820 ) ;
#2840 = AXIS2_PLACEMENT_3D ( 'NONE', #971, #1920, #2413 ) ;
#2841 = VERTEX_POINT ( 'NONE', #2764 ) ;
#2842 = DIRECTION ( 'NONE',  ( -1.000000000000000000, 0.0000000000000000000, 0.0000000000000000000 ) ) ;
#2843 = ADVANCED_FACE ( 'NONE', ( #3030 ), #1110, .T. ) ;
#2844 = EDGE_LOOP ( 'NONE', ( #1472, #533, #1225, #2614 ) ) ;
#2845 = VERTEX_POINT ( 'NONE', #1815 ) ;
#2846 = ORIENTED_EDGE ( 'NONE', *, *, #2661, .F. ) ;
#2847 = CARTESIAN_POINT ( 'NONE',  ( -0.6250000000000001100, 0.5999999999999930900, -0.7625000000000001800 ) ) ;
#2848 = DIRECTION ( 'NONE',  ( 1.000000000000000000, 2.165114170637245000E-016, -0.0000000000000000000 ) ) ;
#2849 = DIRECTION ( 'NONE',  ( 0.2079116908177530100, 0.9781476007338069100, 0.0000000000000000000 ) ) ;
#2850 = CIRCLE ( 'NONE', #2462, 0.02499999999999995600 ) ;
#2851 = LINE ( 'NONE', #1714, #2219 ) ;
#2852 = CARTESIAN_POINT ( 'NONE',  ( -0.6250000000000001100, 0.5999999999999930900, 0.9999999999999995600 ) ) ;
#2853 = FACE_OUTER_BOUND ( 'NONE', #99, .T. ) ;
#2854 = PRESENTATION_STYLE_ASSIGNMENT (( #2215 ) ) ;
#2855 = CARTESIAN_POINT ( 'NONE',  ( 0.6888725504787151000, 0.4051977922704369500, -0.7625000000000001800 ) ) ;
#2856 = LINE ( 'NONE', #2429, #1348 ) ;
#2857 = CARTESIAN_POINT ( 'NONE',  ( -1.050000000000000000, 0.1749999999999999900, -0.5375000000000002000 ) ) ;
#2858 = EDGE_CURVE ( 'NONE', #1710, #60, #63, .T. ) ;
#2859 = VECTOR ( 'NONE', #2456, 1000.000000000000200 ) ;
#2860 = DIRECTION ( 'NONE',  ( -1.000000000000000000, 0.0000000000000000000, 0.0000000000000000000 ) ) ;
#2861 = DIRECTION ( 'NONE',  ( 0.0000000000000000000, -0.0000000000000000000, -1.000000000000000000 ) ) ;
#2862 = ORIENTED_EDGE ( 'NONE', *, *, #2233, .T. ) ;
#2863 = ADVANCED_FACE ( 'NONE', ( #2550 ), #130, .F. ) ;
#2864 =( GEOMETRIC_REPRESENTATION_CONTEXT ( 3 ) GLOBAL_UNCERTAINTY_ASSIGNED_CONTEXT ( ( #1589 ) ) GLOBAL_UNIT_ASSIGNED_CONTEXT ( ( #2909, #1011, #299 ) ) REPRESENTATION_CONTEXT ( 'NONE', 'WORKASPACE' ) );
#2865 = ORIENTED_EDGE ( 'NONE', *, *, #456, .T. ) ;
#2866 = VERTEX_POINT ( 'NONE', #160 ) ;
#2867 = DIRECTION ( 'NONE',  ( -2.165114170637244800E-016, 1.000000000000000000, 0.0000000000000000000 ) ) ;
#2868 = DIRECTION ( 'NONE',  ( -1.000000000000000000, 0.0000000000000000000, 0.0000000000000000000 ) ) ;
#2869 = DIRECTION ( 'NONE',  ( -1.000000000000000000, -2.165114170637244800E-016, 0.0000000000000000000 ) ) ;
#2870 = ORIENTED_EDGE ( 'NONE', *, *, #295, .F. ) ;
#2871 = CARTESIAN_POINT ( 'NONE',  ( -0.6035127018419917900, 0.4249999999999931100, 0.7624999999999997300 ) ) ;
#2872 = EDGE_CURVE ( 'NONE', #1371, #1982, #2410, .T. ) ;
#2873 = AXIS2_PLACEMENT_3D ( 'NONE', #2405, #692, #2371 ) ;
#2874 = ADVANCED_FACE ( 'NONE', ( #1866 ), #1327, .F. ) ;
#2875 = ORIENTED_EDGE ( 'NONE', *, *, #1172, .T. ) ;
#2876 = CARTESIAN_POINT ( 'NONE',  ( 1.050000000000000000, 0.1749999999999999900, 0.7624999999999997300 ) ) ;
#2877 = DIRECTION ( 'NONE',  ( 1.000000000000000000, 2.165114170637245000E-016, -0.0000000000000000000 ) ) ;
#2878 = VERTEX_POINT ( 'NONE', #886 ) ;
#2879 = ORIENTED_EDGE ( 'NONE', *, *, #1543, .T. ) ;
#2880 = DIRECTION ( 'NONE',  ( -1.000000000000000000, 2.750465538128683400E-015, 0.0000000000000000000 ) ) ;
#2881 = ORIENTED_EDGE ( 'NONE', *, *, #751, .T. ) ;
#2882 = ORIENTED_EDGE ( 'NONE', *, *, #88, .F. ) ;
#2883 = EDGE_LOOP ( 'NONE', ( #2273, #926, #1243, #3062, #2407, #33, #1123, #1301, #2228, #746, #656, #98 ) ) ;
#2884 = DIRECTION ( 'NONE',  ( -0.0000000000000000000, 1.000000000000000000, -0.0000000000000000000 ) ) ;
#2885 = DIRECTION ( 'NONE',  ( 1.000000000000000000, 0.0000000000000000000, 0.0000000000000000000 ) ) ;
#2886 = FACE_OUTER_BOUND ( 'NONE', #666, .T. ) ;
#2887 = VECTOR ( 'NONE', #1427, 1000.000000000000000 ) ;
#2888 = CARTESIAN_POINT ( 'NONE',  ( 0.9248100461410775400, 2.710505431213761100E-017, 0.5374999999999997600 ) ) ;
#2889 = CYLINDRICAL_SURFACE ( 'NONE', #2793, 0.1850000000000000500 ) ;
#2890 = DIRECTION ( 'NONE',  ( 0.0000000000000000000, -0.1218693434051477400, -0.9925461516413219800 ) ) ;
#2891 = EDGE_CURVE ( 'NONE', #2803, #1893, #1126, .T. ) ;
#2892 = CIRCLE ( 'NONE', #2668, 0.2000000000000000900 ) ;
#2893 = COLOUR_RGB ( '',0.7921568627450980000, 0.8196078431372548800, 0.9333333333333333500 ) ;
#2894 = EDGE_CURVE ( 'NONE', #153, #2396, #1679, .T. ) ;
#2895 = VECTOR ( 'NONE', #490, 1000.000000000000000 ) ;
#2896 = EDGE_CURVE ( 'NONE', #1186, #1969, #1712, .T. ) ;
#2897 = DIRECTION ( 'NONE',  ( 1.000000000000000000, 0.0000000000000000000, 0.0000000000000000000 ) ) ;
#2898 = DIRECTION ( 'NONE',  ( -5.421010862427523400E-017, 0.0000000000000000000, -1.000000000000000000 ) ) ;
#2899 = LINE ( 'NONE', #468, #843 ) ;
#2900 = CARTESIAN_POINT ( 'NONE',  ( -0.6644188604603699100, 0.4249999999999931600, -0.5375000000000002000 ) ) ;
#2901 = VECTOR ( 'NONE', #665, 1000.000000000000000 ) ;
#2902 = CIRCLE ( 'NONE', #1333, 0.2000000000000000900 ) ;
#2903 = EDGE_LOOP ( 'NONE', ( #2648, #242, #872, #1702 ) ) ;
#2904 = AXIS2_PLACEMENT_3D ( 'NONE', #2582, #1176, #699 ) ;
#2905 = DIRECTION ( 'NONE',  ( -0.2079116908177525400, 0.9781476007338070200, 0.0000000000000000000 ) ) ;
#2906 = ORIENTED_EDGE ( 'NONE', *, *, #735, .T. ) ;
#2907 = DIRECTION ( 'NONE',  ( -1.000000000000000000, 0.0000000000000000000, 0.0000000000000000000 ) ) ;
#2908 = CARTESIAN_POINT ( 'NONE',  ( 0.6644188604603699100, 0.4249999999999931600, 0.5374999999999997600 ) ) ;
#2909 =( LENGTH_UNIT ( ) NAMED_UNIT ( * ) SI_UNIT ( .MILLI., .METRE. ) );
#2910 = VERTEX_POINT ( 'NONE', #1807 ) ;
#2911 = ORIENTED_EDGE ( 'NONE', *, *, #1641, .T. ) ;
#2912 = DIRECTION ( 'NONE',  ( 1.000000000000000000, -2.165114170637245000E-016, 0.0000000000000000000 ) ) ;
#2913 = AXIS2_PLACEMENT_3D ( 'NONE', #2207, #2448, #1015 ) ;
#2914 = DIRECTION ( 'NONE',  ( -0.1209742911513548300, 0.9852565360152931700, 0.1209742911513548300 ) ) ;
#2915 = ORIENTED_EDGE ( 'NONE', *, *, #2552, .T. ) ;
#2916 = DIRECTION ( 'NONE',  ( 1.000000000000000000, 2.165114170637244800E-016, 0.0000000000000000000 ) ) ;
#2917 = DIRECTION ( 'NONE',  ( 0.0000000000000000000, 0.0000000000000000000, 1.000000000000000000 ) ) ;
#2918 = EDGE_CURVE ( 'NONE', #1783, #950, #5, .T. ) ;
#2919 = ORIENTED_EDGE ( 'NONE', *, *, #216, .F. ) ;
#2920 = VERTEX_POINT ( 'NONE', #1127 ) ;
#2921 = DIRECTION ( 'NONE',  ( 1.000000000000000000, 0.0000000000000000000, 0.0000000000000000000 ) ) ;
#2922 = ORIENTED_EDGE ( 'NONE', *, *, #1233, .T. ) ;
#2923 = ORIENTED_EDGE ( 'NONE', *, *, #2681, .T. ) ;
#2924 = DIRECTION ( 'NONE',  ( 0.0000000000000000000, -0.9925461516413219800, 0.1218693434051477400 ) ) ;
#2925 = AXIS2_PLACEMENT_3D ( 'NONE', #2991, #2291, #87 ) ;
#2926 = DIRECTION ( 'NONE',  ( 1.000000000000000000, 0.0000000000000000000, 0.0000000000000000000 ) ) ;
#2927 = ORIENTED_EDGE ( 'NONE', *, *, #999, .F. ) ;
#2928 = VECTOR ( 'NONE', #2149, 1000.000000000000200 ) ;
#2929 = DIRECTION ( 'NONE',  ( 1.000000000000000000, 0.0000000000000000000, 0.0000000000000000000 ) ) ;
#2930 = FACE_OUTER_BOUND ( 'NONE', #2469, .T. ) ;
#2931 = CIRCLE ( 'NONE', #1610, 0.02499999999999995600 ) ;
#2932 = COLOUR_RGB ( '',0.7921568627450980000, 0.8196078431372548800, 0.9333333333333333500 ) ;
#2933 = FACE_OUTER_BOUND ( 'NONE', #2695, .T. ) ;
#2934 = VECTOR ( 'NONE', #1779, 1000.000000000000000 ) ;
#2935 = LINE ( 'NONE', #2234, #3000 ) ;
#2936 = EDGE_CURVE ( 'NONE', #1357, #1623, #2370, .T. ) ;
#2937 = EDGE_CURVE ( 'NONE', #2920, #1783, #518, .T. ) ;
#2938 = DIRECTION ( 'NONE',  ( 0.0000000000000000000, -0.0000000000000000000, 1.000000000000000000 ) ) ;
#2939 = ORIENTED_EDGE ( 'NONE', *, *, #2937, .T. ) ;
#2940 = AXIS2_PLACEMENT_3D ( 'NONE', #2125, #2147, #2369 ) ;
#2941 = ORIENTED_EDGE ( 'NONE', *, *, #3026, .F. ) ;
#2942 = CARTESIAN_POINT ( 'NONE',  ( 0.6250000000000001100, 0.5999999999999930900, 0.9999999999999995600 ) ) ;
#2943 = CARTESIAN_POINT ( 'NONE',  ( -0.6250000000000001100, 0.5999999999999930900, -0.5375000000000002000 ) ) ;
#2944 = PLANE ( 'NONE',  #1039 ) ;
#2945 = DIRECTION ( 'NONE',  ( -0.0000000000000000000, -0.0000000000000000000, -1.000000000000000000 ) ) ;
#2946 = DIRECTION ( 'NONE',  ( -1.000000000000000000, 0.0000000000000000000, 0.0000000000000000000 ) ) ;
#2947 = PRESENTATION_LAYER_ASSIGNMENT (  '', '', ( #774 ) ) ;
#2948 = CARTESIAN_POINT ( 'NONE',  ( 0.6250000000000001100, 0.5999999999999930900, 0.1124999999999997500 ) ) ;
#2949 = DIRECTION ( 'NONE',  ( 0.0000000000000000000, -0.0000000000000000000, -1.000000000000000000 ) ) ;
#2950 = ORIENTED_EDGE ( 'NONE', *, *, #2010, .F. ) ;
#2951 = VERTEX_POINT ( 'NONE', #2551 ) ;
#2952 = ORIENTED_EDGE ( 'NONE', *, *, #1319, .T. ) ;
#2953 = CARTESIAN_POINT ( 'NONE',  ( -0.5636077195485476000, 0.09999999999999310800, -0.9386077195485476000 ) ) ;
#2954 = CARTESIAN_POINT ( 'NONE',  ( 0.6250000000000001100, 0.5999999999999930900, 0.9999999999999995600 ) ) ;
#2955 = SURFACE_STYLE_FILL_AREA ( #2035 ) ;
#2956 = DIRECTION ( 'NONE',  ( 0.0000000000000000000, -0.0000000000000000000, -1.000000000000000000 ) ) ;
#2957 = VECTOR ( 'NONE', #186, 1000.000000000000000 ) ;
#2958 = LINE ( 'NONE', #519, #2996 ) ;
#2959 = PLANE ( 'NONE',  #2046 ) ;
#2960 = CARTESIAN_POINT ( 'NONE',  ( 0.8600483806071314000, 0.4415823381635436400, -0.5375000000000002000 ) ) ;
#2961 = FACE_BOUND ( 'NONE', #928, .T. ) ;
#2962 = VECTOR ( 'NONE', #2802, 1000.000000000000000 ) ;
#2963 = FACE_OUTER_BOUND ( 'NONE', #855, .T. ) ;
#2964 = ORIENTED_EDGE ( 'NONE', *, *, #2937, .F. ) ;
#2965 = FACE_OUTER_BOUND ( 'NONE', #2212, .T. ) ;
#2966 = DIRECTION ( 'NONE',  ( 0.0000000000000000000, 0.0000000000000000000, 1.000000000000000000 ) ) ;
#2967 = ORIENTED_EDGE ( 'NONE', *, *, #2834, .T. ) ;
#2968 = EDGE_CURVE ( 'NONE', #1984, #779, #1861, .T. ) ;
#2969 = DIRECTION ( 'NONE',  ( 0.0000000000000000000, -0.0000000000000000000, -1.000000000000000000 ) ) ;
#2970 = ORIENTED_EDGE ( 'NONE', *, *, #1640, .F. ) ;
#2971 = PLANE ( 'NONE',  #526 ) ;
#2972 = ORIENTED_EDGE ( 'NONE', *, *, #1259, .F. ) ;
#2973 = ORIENTED_EDGE ( 'NONE', *, *, #216, .T. ) ;
#2974 = CARTESIAN_POINT ( 'NONE',  ( -0.8600483806071314000, 0.4415823381635436400, 0.7624999999999997300 ) ) ;
#2975 = VERTEX_POINT ( 'NONE', #2065 ) ;
#2976 = ORIENTED_EDGE ( 'NONE', *, *, #2197, .F. ) ;
#2977 = CARTESIAN_POINT ( 'NONE',  ( 0.6035127018419917900, 0.4249999999999931100, 0.7624999999999997300 ) ) ;
#2978 = ORIENTED_EDGE ( 'NONE', *, *, #2248, .F. ) ;
#2979 = ADVANCED_FACE ( 'NONE', ( #2738 ), #2066, .T. ) ;
#2980 = DIRECTION ( 'NONE',  ( 1.000000000000000000, -2.165114170637245000E-016, 0.0000000000000000000 ) ) ;
#2981 = EDGE_CURVE ( 'NONE', #1346, #1803, #1569, .T. ) ;
#2982 = ORIENTED_EDGE ( 'NONE', *, *, #2809, .T. ) ;
#2983 = EDGE_CURVE ( 'NONE', #16, #1603, #1416, .T. ) ;
#2984 = DIRECTION ( 'NONE',  ( -0.0000000000000000000, -0.0000000000000000000, -1.000000000000000000 ) ) ;
#2985 = ORIENTED_EDGE ( 'NONE', *, *, #1777, .F. ) ;
#2986 = DIRECTION ( 'NONE',  ( -1.000000000000000000, 0.0000000000000000000, 0.0000000000000000000 ) ) ;
#2987 = ORIENTED_EDGE ( 'NONE', *, *, #2087, .T. ) ;
#2988 = VECTOR ( 'NONE', #3085, 1000.000000000000000 ) ;
#2989 = AXIS2_PLACEMENT_3D ( 'NONE', #1088, #1080, #1555 ) ;
#2990 = VECTOR ( 'NONE', #2949, 1000.000000000000000 ) ;
#2991 = CARTESIAN_POINT ( 'NONE',  ( -0.6644188604603699100, 0.3999999999999931400, -0.1125000000000001800 ) ) ;
#2992 = ORIENTED_EDGE ( 'NONE', *, *, #2195, .T. ) ;
#2993 = CARTESIAN_POINT ( 'NONE',  ( 0.9248100461410775400, 2.710505431213761100E-017, 0.1124999999999997500 ) ) ;
#2994 = LINE ( 'NONE', #403, #1719 ) ;
#2995 = ADVANCED_FACE ( 'NONE', ( #2028 ), #678, .F. ) ;
#2996 = VECTOR ( 'NONE', #2698, 1000.000000000000000 ) ;
#2997 = LINE ( 'NONE', #3049, #2559 ) ;
#2998 = DIRECTION ( 'NONE',  ( 0.0000000000000000000, 1.000000000000000000, 0.0000000000000000000 ) ) ;
#2999 = ORIENTED_EDGE ( 'NONE', *, *, #2896, .T. ) ;
#3000 = VECTOR ( 'NONE', #2956, 1000.000000000000000 ) ;
#3001 = CARTESIAN_POINT ( 'NONE',  ( 0.9248100461410775400, 0.1750000000000000200, -0.7625000000000001800 ) ) ;
#3002 = ORIENTED_EDGE ( 'NONE', *, *, #1883, .F. ) ;
#3003 = MECHANICAL_DESIGN_GEOMETRIC_PRESENTATION_REPRESENTATION (  '', ( #812 ), #2211 ) ;
#3004 = CARTESIAN_POINT ( 'NONE',  ( -1.050000000000000000, 0.1749999999999999900, 0.1124999999999997500 ) ) ;
#3005 = ORIENTED_EDGE ( 'NONE', *, *, #1013, .T. ) ;
#3006 = CARTESIAN_POINT ( 'NONE',  ( 1.050000000000000000, 0.1749999999999999900, -0.5375000000000002000 ) ) ;
#3007 = ORIENTED_EDGE ( 'NONE', *, *, #2492, .F. ) ;
#3008 = EDGE_CURVE ( 'NONE', #2878, #2792, #439, .T. ) ;
#3009 = DIRECTION ( 'NONE',  ( 1.000000000000000000, 0.0000000000000000000, 0.0000000000000000000 ) ) ;
#3010 = FILL_AREA_STYLE ('',( #1093 ) ) ;
#3011 = PRESENTATION_LAYER_ASSIGNMENT (  '', '', ( #1517 ) ) ;
#3012 = ORIENTED_EDGE ( 'NONE', *, *, #2074, .T. ) ;
#3013 = ORIENTED_EDGE ( 'NONE', *, *, #2661, .T. ) ;
#3014 = DIRECTION ( 'NONE',  ( 0.0000000000000000000, 1.000000000000000000, 0.0000000000000000000 ) ) ;
#3015 = ORIENTED_EDGE ( 'NONE', *, *, #2086, .T. ) ;
#3016 = CARTESIAN_POINT ( 'NONE',  ( 0.9248100461410775400, 0.1850000000000000000, -0.1125000000000001800 ) ) ;
#3017 = DIRECTION ( 'NONE',  ( -0.0000000000000000000, -0.0000000000000000000, -1.000000000000000000 ) ) ;
#3018 = CARTESIAN_POINT ( 'NONE',  ( 0.6888725504787151000, 0.4051977922704369500, -0.5375000000000002000 ) ) ;
#3019 = ORIENTED_EDGE ( 'NONE', *, *, #832, .T. ) ;
#3020 = ORIENTED_EDGE ( 'NONE', *, *, #86, .F. ) ;
#3021 = VERTEX_POINT ( 'NONE', #1648 ) ;
#3022 = UNCERTAINTY_MEASURE_WITH_UNIT (LENGTH_MEASURE( 1.000000000000000100E-005 ), #850, 'distance_accuracy_value', 'NONE');
#3023 = ORIENTED_EDGE ( 'NONE', *, *, #581, .T. ) ;
#3024 = PLANE ( 'NONE',  #1184 ) ;
#3025 = DIRECTION ( 'NONE',  ( 2.165114170637244800E-016, 1.000000000000000000, 0.0000000000000000000 ) ) ;
#3026 = EDGE_CURVE ( 'NONE', #892, #2841, #1609, .T. ) ;
#3027 = ORIENTED_EDGE ( 'NONE', *, *, #2918, .F. ) ;
#3028 = EDGE_LOOP ( 'NONE', ( #550, #303, #2048, #78 ) ) ;
#3029 = FACE_OUTER_BOUND ( 'NONE', #972, .T. ) ;
#3030 = FACE_OUTER_BOUND ( 'NONE', #2581, .T. ) ;
#3031 = VECTOR ( 'NONE', #2860, 1000.000000000000000 ) ;
#3032 = CIRCLE ( 'NONE', #1728, 0.02499999999999995600 ) ;
#3033 = LINE ( 'NONE', #3077, #1212 ) ;
#3034 = FACE_OUTER_BOUND ( 'NONE', #748, .T. ) ;
#3035 = VECTOR ( 'NONE', #2439, 1000.000000000000000 ) ;
#3036 = PLANE ( 'NONE',  #1911 ) ;
#3037 = VECTOR ( 'NONE', #2787, 1000.000000000000200 ) ;
#3038 = CARTESIAN_POINT ( 'NONE',  ( -1.050000000000000000, 0.1749999999999999900, -0.1125000000000001800 ) ) ;
#3039 = PLANE ( 'NONE',  #475 ) ;
#3040 = DIRECTION ( 'NONE',  ( -1.000000000000000000, 0.0000000000000000000, 0.0000000000000000000 ) ) ;
#3041 = DIRECTION ( 'NONE',  ( 0.0000000000000000000, 0.0000000000000000000, 1.000000000000000000 ) ) ;
#3042 = ORIENTED_EDGE ( 'NONE', *, *, #2034, .T. ) ;
#3043 = ADVANCED_FACE ( 'NONE', ( #949 ), #1196, .F. ) ;
#3044 = DIRECTION ( 'NONE',  ( -0.0000000000000000000, -0.0000000000000000000, -1.000000000000000000 ) ) ;
#3045 = EDGE_CURVE ( 'NONE', #2315, #898, #398, .T. ) ;
#3047 = EDGE_CURVE ( 'NONE', #2650, #2092, #1951, .T. ) ;
#3046 = ORIENTED_EDGE ( 'NONE', *, *, #2196, .T. ) ;
#3048 = EDGE_CURVE ( 'NONE', #2167, #1941, #1338, .T. ) ;
#3049 = CARTESIAN_POINT ( 'NONE',  ( -0.6035127018419917900, 0.4249999999999931100, 0.7624999999999997300 ) ) ;
#3050 = ORIENTED_EDGE ( 'NONE', *, *, #1233, .F. ) ;
#3051 = DIRECTION ( 'NONE',  ( 0.2079116908177530100, -0.9781476007338069100, 0.0000000000000000000 ) ) ;
#3052 = CARTESIAN_POINT ( 'NONE',  ( -0.6644188604603699100, 0.4249999999999931600, -0.7625000000000001800 ) ) ;
#3053 = CARTESIAN_POINT ( 'NONE',  ( -0.3636077195485476500, 1.049999999999993200, -0.7986077195485477000 ) ) ;
#3054 = AXIS2_PLACEMENT_3D ( 'NONE', #1856, #2867, #1892 ) ;
#3055 = AXIS2_PLACEMENT_3D ( 'NONE', #494, #308, #1670 ) ;
#3056 = ORIENTED_EDGE ( 'NONE', *, *, #1003, .F. ) ;
#3057 = DIRECTION ( 'NONE',  ( 0.0000000000000000000, -0.0000000000000000000, -1.000000000000000000 ) ) ;
#3058 = ADVANCED_FACE ( 'NONE', ( #1989 ), #2251, .T. ) ;
#3059 = DIRECTION ( 'NONE',  ( 0.0000000000000000000, -0.0000000000000000000, -1.000000000000000000 ) ) ;
#3060 = DIRECTION ( 'NONE',  ( 0.0000000000000000000, -0.0000000000000000000, -1.000000000000000000 ) ) ;
#3061 = CARTESIAN_POINT ( 'NONE',  ( -0.7438527400053232000, 0.1465363371987157500, 0.1124999999999997500 ) ) ;
#3062 = ORIENTED_EDGE ( 'NONE', *, *, #738, .T. ) ;
#3063 =( NAMED_UNIT ( * ) SI_UNIT ( $, .STERADIAN. ) SOLID_ANGLE_UNIT ( ) );
#3064 = EDGE_LOOP ( 'NONE', ( #245, #2941, #1506, #1456 ) ) ;
#3065 = AXIS2_PLACEMENT_3D ( 'NONE', #1092, #1801, #594 ) ;
#3066 = ORIENTED_EDGE ( 'NONE', *, *, #2834, .F. ) ;
#3067 = EDGE_CURVE ( 'NONE', #18, #320, #1645, .T. ) ;
#3068 = CARTESIAN_POINT ( 'NONE',  ( -1.050000000000000000, 0.1749999999999999900, 0.7624999999999997300 ) ) ;
#3069 = VECTOR ( 'NONE', #1361, 1000.000000000000000 ) ;
#3070 = VERTEX_POINT ( 'NONE', #1148 ) ;
#3071 = CARTESIAN_POINT ( 'NONE',  ( 0.6644188604603699100, 0.4249999999999931600, 0.1124999999999997500 ) ) ;
#3072 = EDGE_CURVE ( 'NONE', #2665, #1893, #2518, .T. ) ;
#3073 = LINE ( 'NONE', #842, #1905 ) ;
#3074 = DIRECTION ( 'NONE',  ( -1.000000000000000000, 0.0000000000000000000, 0.0000000000000000000 ) ) ;
#3075 = VECTOR ( 'NONE', #1593, 1000.000000000000100 ) ;
#3076 = DIRECTION ( 'NONE',  ( -0.0000000000000000000, -0.0000000000000000000, -1.000000000000000000 ) ) ;
#3077 = CARTESIAN_POINT ( 'NONE',  ( 0.6250000000000001100, 0.5999999999999930900, 0.7624999999999997300 ) ) ;
#3078 = VECTOR ( 'NONE', #755, 1000.000000000000000 ) ;
#3079 = ORIENTED_EDGE ( 'NONE', *, *, #115, .T. ) ;
#3080 = ADVANCED_FACE ( 'NONE', ( #2442 ), #2358, .F. ) ;
#3081 = ORIENTED_EDGE ( 'NONE', *, *, #1838, .F. ) ;
#3082 = CARTESIAN_POINT ( 'NONE',  ( 0.9248100461410775400, 0.1750000000000000200, 0.1124999999999997500 ) ) ;
#3083 = AXIS2_PLACEMENT_3D ( 'NONE', #785, #278, #269 ) ;
#3084 = ORIENTED_EDGE ( 'NONE', *, *, #2729, .T. ) ;
#3085 = DIRECTION ( 'NONE',  ( -0.0000000000000000000, -0.0000000000000000000, -1.000000000000000000 ) ) ;
#3086 = ORIENTED_EDGE ( 'NONE', *, *, #2713, .T. ) ;
#3087 = DIRECTION ( 'NONE',  ( 1.000000000000000000, 0.0000000000000000000, -0.0000000000000000000 ) ) ;
#3088 = EDGE_LOOP ( 'NONE', ( #1146, #2688, #1337, #95 ) ) ;
#3089 = CARTESIAN_POINT ( 'NONE',  ( -1.050000000000000000, 0.1749999999999999900, 0.1124999999999997500 ) ) ;
#3090 = CARTESIAN_POINT ( 'NONE',  ( 1.050000000000000000, 0.1749999999999999900, 0.5374999999999997600 ) ) ;
#3091 = EDGE_CURVE ( 'NONE', #2803, #1984, #1785, .T. ) ;
#3092 = EDGE_CURVE ( 'NONE', #16, #2827, #2179, .T. ) ;
#3093 = ADVANCED_FACE ( 'NONE', ( #362 ), #2201, .T. ) ;
#3094 = CARTESIAN_POINT ( 'NONE',  ( 0.6250000000000001100, 0.5999999999999930900, -0.5375000000000002000 ) ) ;
#3095 = CARTESIAN_POINT ( 'NONE',  ( -0.8600483806071314000, 0.4415823381635436400, 0.7624999999999997300 ) ) ;
#3096 = PLANE ( 'NONE',  #1977 ) ;
#3097 = AXIS2_PLACEMENT_3D ( 'NONE', #2, #1226, #734 ) ;
#3098 = DIRECTION ( 'NONE',  ( 0.0000000000000000000, -0.0000000000000000000, -1.000000000000000000 ) ) ;
#3099 = ORIENTED_EDGE ( 'NONE', *, *, #2858, .F. ) ;
#3100 = DIRECTION ( 'NONE',  ( -0.0000000000000000000, -0.0000000000000000000, -1.000000000000000000 ) ) ;
#3101 = DIRECTION ( 'NONE',  ( 1.000000000000000000, 2.750465538128683400E-015, 0.0000000000000000000 ) ) ;
#3102 = ORIENTED_EDGE ( 'NONE', *, *, #249, .F. ) ;
#3103 = CARTESIAN_POINT ( 'NONE',  ( 0.8600483806071314000, 0.4415823381635436400, 0.1124999999999997500 ) ) ;
ENDSEC;
END-ISO-10303-21;
